,,,,,,,,,,,,,,,,,,,,,,,,,,,,,,,,,,,,,,,,,,,,,,,,,,,,,,,,,,,,,,,,,,,,,,,,,,,,,,,,,,,,,,,,,,,,,,,,,,,,,,,,,,,,,,,,,,,,,,,,,,,,,,,,,,,,,,,,,,,,,,,,,,,,,,,,,,,,,,,,,,,,,,,,,,,,,,,,,,,,,,,,,,,,,,,,,,,,,,,,,,,,,,,,,,,,,,,,,,,,,,,,,,,,,,,,,,,,,,,,,,,,,,,,,,,,,,,,,,,,,,,,,,,,,,,,,,,,,,,,,,,,,,,,,,,,,,,,,,,,,,,,,,,,,,,,,,,,,,,,,,,,,,,,,,,,,,,,,,,,,,,,,,,,,,,,,,,,,,,,,,,,,,,,,,,,,,,,,,,,,,,,,,,,,,,,,,,,,,,,,,,,,,,,,,,,,,,,,,,,,,,,,,,,,,,,,,,,,,,,,,,,,,,,,,,,,,,,,,,,,,,,,,,,,,,,,,,,,,,,,,,,,,,,,,,,,,,,,,,,,,,,
Theme: Industry,,,,,,,,,,,,,,,,,,,,,,,,,,,,,,,,,,,,,,,,,,,,,,,,,,,,,,,,,,,,,,,,,,,,,,,,,,,,,,,,,,,,,,,,,,,,,,,,,,,,,,,,,,,,,,,,,,,,,,,,,,,,,,,,,,,,,,,,,,,,,,,,,,,,,,,,,,,,,,,,,,,,,,,,,,,,,,,,,,,,,,,,,,,,,,,,,,,,,,,,,,,,,,,,,,,,,,,,,,,,,,,,,,,,,,,,,,,,,,,,,,,,,,,,,,,,,,,,,,,,,,,,,,,,,,,,,,,,,,,,,,,,,,,,,,,,,,,,,,,,,,,,,,,,,,,,,,,,,,,,,,,,,,,,,,,,,,,,,,,,,,,,,,,,,,,,,,,,,,,,,,,,,,,,,,,,,,,,,,,,,,,,,,,,,,,,,,,,,,,,,,,,,,,,,,,,,,,,,,,,,,,,,,,,,,,,,,,,,,,,,,,,,,,,,,,,,,,,,,,,,,,,,,,,,,,,,,,,,,,,,,,,,,,,,,,,,,,,,,,,,,,,
Subject: Transport,,,,,,,,,,,,,,,,,,,,,,,,,,,,,,,,,,,,,,,,,,,,,,,,,,,,,,,,,,,,,,,,,,,,,,,,,,,,,,,,,,,,,,,,,,,,,,,,,,,,,,,,,,,,,,,,,,,,,,,,,,,,,,,,,,,,,,,,,,,,,,,,,,,,,,,,,,,,,,,,,,,,,,,,,,,,,,,,,,,,,,,,,,,,,,,,,,,,,,,,,,,,,,,,,,,,,,,,,,,,,,,,,,,,,,,,,,,,,,,,,,,,,,,,,,,,,,,,,,,,,,,,,,,,,,,,,,,,,,,,,,,,,,,,,,,,,,,,,,,,,,,,,,,,,,,,,,,,,,,,,,,,,,,,,,,,,,,,,,,,,,,,,,,,,,,,,,,,,,,,,,,,,,,,,,,,,,,,,,,,,,,,,,,,,,,,,,,,,,,,,,,,,,,,,,,,,,,,,,,,,,,,,,,,,,,,,,,,,,,,,,,,,,,,,,,,,,,,,,,,,,,,,,,,,,,,,,,,,,,,,,,,,,,,,,,,,,,,,,,,,,,,
Topic: Air Transport,,,,,,,,,,,,,,,,,,,,,,,,,,,,,,,,,,,,,,,,,,,,,,,,,,,,,,,,,,,,,,,,,,,,,,,,,,,,,,,,,,,,,,,,,,,,,,,,,,,,,,,,,,,,,,,,,,,,,,,,,,,,,,,,,,,,,,,,,,,,,,,,,,,,,,,,,,,,,,,,,,,,,,,,,,,,,,,,,,,,,,,,,,,,,,,,,,,,,,,,,,,,,,,,,,,,,,,,,,,,,,,,,,,,,,,,,,,,,,,,,,,,,,,,,,,,,,,,,,,,,,,,,,,,,,,,,,,,,,,,,,,,,,,,,,,,,,,,,,,,,,,,,,,,,,,,,,,,,,,,,,,,,,,,,,,,,,,,,,,,,,,,,,,,,,,,,,,,,,,,,,,,,,,,,,,,,,,,,,,,,,,,,,,,,,,,,,,,,,,,,,,,,,,,,,,,,,,,,,,,,,,,,,,,,,,,,,,,,,,,,,,,,,,,,,,,,,,,,,,,,,,,,,,,,,,,,,,,,,,,,,,,,,,,,,,,,,,,,,,,,,,,
"Table Title: Civil Aircraft Arrivals And Departures, Passengers And Mail - Changi Airport, Monthly",,,,,,,,,,,,,,,,,,,,,,,,,,,,,,,,,,,,,,,,,,,,,,,,,,,,,,,,,,,,,,,,,,,,,,,,,,,,,,,,,,,,,,,,,,,,,,,,,,,,,,,,,,,,,,,,,,,,,,,,,,,,,,,,,,,,,,,,,,,,,,,,,,,,,,,,,,,,,,,,,,,,,,,,,,,,,,,,,,,,,,,,,,,,,,,,,,,,,,,,,,,,,,,,,,,,,,,,,,,,,,,,,,,,,,,,,,,,,,,,,,,,,,,,,,,,,,,,,,,,,,,,,,,,,,,,,,,,,,,,,,,,,,,,,,,,,,,,,,,,,,,,,,,,,,,,,,,,,,,,,,,,,,,,,,,,,,,,,,,,,,,,,,,,,,,,,,,,,,,,,,,,,,,,,,,,,,,,,,,,,,,,,,,,,,,,,,,,,,,,,,,,,,,,,,,,,,,,,,,,,,,,,,,,,,,,,,,,,,,,,,,,,,,,,,,,,,,,,,,,,,,,,,,,,,,,,,,,,,,,,,,,,,,,,,,,,,,,,,,,,,,,
,,,,,,,,,,,,,,,,,,,,,,,,,,,,,,,,,,,,,,,,,,,,,,,,,,,,,,,,,,,,,,,,,,,,,,,,,,,,,,,,,,,,,,,,,,,,,,,,,,,,,,,,,,,,,,,,,,,,,,,,,,,,,,,,,,,,,,,,,,,,,,,,,,,,,,,,,,,,,,,,,,,,,,,,,,,,,,,,,,,,,,,,,,,,,,,,,,,,,,,,,,,,,,,,,,,,,,,,,,,,,,,,,,,,,,,,,,,,,,,,,,,,,,,,,,,,,,,,,,,,,,,,,,,,,,,,,,,,,,,,,,,,,,,,,,,,,,,,,,,,,,,,,,,,,,,,,,,,,,,,,,,,,,,,,,,,,,,,,,,,,,,,,,,,,,,,,,,,,,,,,,,,,,,,,,,,,,,,,,,,,,,,,,,,,,,,,,,,,,,,,,,,,,,,,,,,,,,,,,,,,,,,,,,,,,,,,,,,,,,,,,,,,,,,,,,,,,,,,,,,,,,,,,,,,,,,,,,,,,,,,,,,,,,,,,,,,,,,,,,,,,,,
Data last updated: 31/01/2022,,,,,,,,,,,,,,,,,,,,,,,,,,,,,,,,,,,,,,,,,,,,,,,,,,,,,,,,,,,,,,,,,,,,,,,,,,,,,,,,,,,,,,,,,,,,,,,,,,,,,,,,,,,,,,,,,,,,,,,,,,,,,,,,,,,,,,,,,,,,,,,,,,,,,,,,,,,,,,,,,,,,,,,,,,,,,,,,,,,,,,,,,,,,,,,,,,,,,,,,,,,,,,,,,,,,,,,,,,,,,,,,,,,,,,,,,,,,,,,,,,,,,,,,,,,,,,,,,,,,,,,,,,,,,,,,,,,,,,,,,,,,,,,,,,,,,,,,,,,,,,,,,,,,,,,,,,,,,,,,,,,,,,,,,,,,,,,,,,,,,,,,,,,,,,,,,,,,,,,,,,,,,,,,,,,,,,,,,,,,,,,,,,,,,,,,,,,,,,,,,,,,,,,,,,,,,,,,,,,,,,,,,,,,,,,,,,,,,,,,,,,,,,,,,,,,,,,,,,,,,,,,,,,,,,,,,,,,,,,,,,,,,,,,,,,,,,,,,,,,,,,,
Source: CIVIL AVIATION AUTHORITY OF SINGAPORE,,,,,,,,,,,,,,,,,,,,,,,,,,,,,,,,,,,,,,,,,,,,,,,,,,,,,,,,,,,,,,,,,,,,,,,,,,,,,,,,,,,,,,,,,,,,,,,,,,,,,,,,,,,,,,,,,,,,,,,,,,,,,,,,,,,,,,,,,,,,,,,,,,,,,,,,,,,,,,,,,,,,,,,,,,,,,,,,,,,,,,,,,,,,,,,,,,,,,,,,,,,,,,,,,,,,,,,,,,,,,,,,,,,,,,,,,,,,,,,,,,,,,,,,,,,,,,,,,,,,,,,,,,,,,,,,,,,,,,,,,,,,,,,,,,,,,,,,,,,,,,,,,,,,,,,,,,,,,,,,,,,,,,,,,,,,,,,,,,,,,,,,,,,,,,,,,,,,,,,,,,,,,,,,,,,,,,,,,,,,,,,,,,,,,,,,,,,,,,,,,,,,,,,,,,,,,,,,,,,,,,,,,,,,,,,,,,,,,,,,,,,,,,,,,,,,,,,,,,,,,,,,,,,,,,,,,,,,,,,,,,,,,,,,,,,,,,,,,,,,,,,,
,,,,,,,,,,,,,,,,,,,,,,,,,,,,,,,,,,,,,,,,,,,,,,,,,,,,,,,,,,,,,,,,,,,,,,,,,,,,,,,,,,,,,,,,,,,,,,,,,,,,,,,,,,,,,,,,,,,,,,,,,,,,,,,,,,,,,,,,,,,,,,,,,,,,,,,,,,,,,,,,,,,,,,,,,,,,,,,,,,,,,,,,,,,,,,,,,,,,,,,,,,,,,,,,,,,,,,,,,,,,,,,,,,,,,,,,,,,,,,,,,,,,,,,,,,,,,,,,,,,,,,,,,,,,,,,,,,,,,,,,,,,,,,,,,,,,,,,,,,,,,,,,,,,,,,,,,,,,,,,,,,,,,,,,,,,,,,,,,,,,,,,,,,,,,,,,,,,,,,,,,,,,,,,,,,,,,,,,,,,,,,,,,,,,,,,,,,,,,,,,,,,,,,,,,,,,,,,,,,,,,,,,,,,,,,,,,,,,,,,,,,,,,,,,,,,,,,,,,,,,,,,,,,,,,,,,,,,,,,,,,,,,,,,,,,,,,,,,,,,,,,,,
Data Series,2021 Dec,2021 Nov,2021 Oct,2021 Sep,2021 Aug,2021 Jul,2021 Jun,2021 May,2021 Apr,2021 Mar,2021 Feb,2021 Jan,2020 Dec,2020 Nov,2020 Oct,2020 Sep,2020 Aug,2020 Jul,2020 Jun,2020 May,2020 Apr,2020 Mar,2020 Feb,2020 Jan,2019 Dec,2019 Nov,2019 Oct,2019 Sep,2019 Aug,2019 Jul,2019 Jun,2019 May,2019 Apr,2019 Mar,2019 Feb,2019 Jan,2018 Dec,2018 Nov,2018 Oct,2018 Sep,2018 Aug,2018 Jul,2018 Jun,2018 May,2018 Apr,2018 Mar,2018 Feb,2018 Jan,2017 Dec,2017 Nov,2017 Oct,2017 Sep,2017 Aug,2017 Jul,2017 Jun,2017 May,2017 Apr,2017 Mar,2017 Feb,2017 Jan,2016 Dec,2016 Nov,2016 Oct,2016 Sep,2016 Aug,2016 Jul,2016 Jun,2016 May,2016 Apr,2016 Mar,2016 Feb,2016 Jan,2015 Dec,2015 Nov,2015 Oct,2015 Sep,2015 Aug,2015 Jul,2015 Jun,2015 May,2015 Apr,2015 Mar,2015 Feb,2015 Jan,2014 Dec,2014 Nov,2014 Oct,2014 Sep,2014 Aug,2014 Jul,2014 Jun,2014 May,2014 Apr,2014 Mar,2014 Feb,2014 Jan,2013 Dec,2013 Nov,2013 Oct,2013 Sep,2013 Aug,2013 Jul,2013 Jun,2013 May,2013 Apr,2013 Mar,2013 Feb,2013 Jan,2012 Dec,2012 Nov,2012 Oct,2012 Sep,2012 Aug,2012 Jul,2012 Jun,2012 May,2012 Apr,2012 Mar,2012 Feb,2012 Jan,2011 Dec,2011 Nov,2011 Oct,2011 Sep,2011 Aug,2011 Jul,2011 Jun,2011 May,2011 Apr,2011 Mar,2011 Feb,2011 Jan,2010 Dec,2010 Nov,2010 Oct,2010 Sep,2010 Aug,2010 Jul,2010 Jun,2010 May,2010 Apr,2010 Mar,2010 Feb,2010 Jan,2009 Dec,2009 Nov,2009 Oct,2009 Sep,2009 Aug,2009 Jul,2009 Jun,2009 May,2009 Apr,2009 Mar,2009 Feb,2009 Jan,2008 Dec,2008 Nov,2008 Oct,2008 Sep,2008 Aug,2008 Jul,2008 Jun,2008 May,2008 Apr,2008 Mar,2008 Feb,2008 Jan,2007 Dec,2007 Nov,2007 Oct,2007 Sep,2007 Aug,2007 Jul,2007 Jun,2007 May,2007 Apr,2007 Mar,2007 Feb,2007 Jan,2006 Dec,2006 Nov,2006 Oct,2006 Sep,2006 Aug,2006 Jul,2006 Jun,2006 May,2006 Apr,2006 Mar,2006 Feb,2006 Jan,2005 Dec,2005 Nov,2005 Oct,2005 Sep,2005 Aug,2005 Jul,2005 Jun,2005 May,2005 Apr,2005 Mar,2005 Feb,2005 Jan,2004 Dec,2004 Nov,2004 Oct,2004 Sep,2004 Aug,2004 Jul,2004 Jun,2004 May,2004 Apr,2004 Mar,2004 Feb,2004 Jan,2003 Dec,2003 Nov,2003 Oct,2003 Sep,2003 Aug,2003 Jul,2003 Jun,2003 May,2003 Apr,2003 Mar,2003 Feb,2003 Jan,2002 Dec,2002 Nov,2002 Oct,2002 Sep,2002 Aug,2002 Jul,2002 Jun,2002 May,2002 Apr,2002 Mar,2002 Feb,2002 Jan,2001 Dec,2001 Nov,2001 Oct,2001 Sep,2001 Aug,2001 Jul,2001 Jun,2001 May,2001 Apr,2001 Mar,2001 Feb,2001 Jan,2000 Dec,2000 Nov,2000 Oct,2000 Sep,2000 Aug,2000 Jul,2000 Jun,2000 May,2000 Apr,2000 Mar,2000 Feb,2000 Jan,1999 Dec,1999 Nov,1999 Oct,1999 Sep,1999 Aug,1999 Jul,1999 Jun,1999 May,1999 Apr,1999 Mar,1999 Feb,1999 Jan,1998 Dec,1998 Nov,1998 Oct,1998 Sep,1998 Aug,1998 Jul,1998 Jun,1998 May,1998 Apr,1998 Mar,1998 Feb,1998 Jan,1997 Dec,1997 Nov,1997 Oct,1997 Sep,1997 Aug,1997 Jul,1997 Jun,1997 May,1997 Apr,1997 Mar,1997 Feb,1997 Jan,1996 Dec,1996 Nov,1996 Oct,1996 Sep,1996 Aug,1996 Jul,1996 Jun,1996 May,1996 Apr,1996 Mar,1996 Feb,1996 Jan,1995 Dec,1995 Nov,1995 Oct,1995 Sep,1995 Aug,1995 Jul,1995 Jun,1995 May,1995 Apr,1995 Mar,1995 Feb,1995 Jan,1994 Dec,1994 Nov,1994 Oct,1994 Sep,1994 Aug,1994 Jul,1994 Jun,1994 May,1994 Apr,1994 Mar,1994 Feb,1994 Jan,1993 Dec,1993 Nov,1993 Oct,1993 Sep,1993 Aug,1993 Jul,1993 Jun,1993 May,1993 Apr,1993 Mar,1993 Feb,1993 Jan,1992 Dec,1992 Nov,1992 Oct,1992 Sep,1992 Aug,1992 Jul,1992 Jun,1992 May,1992 Apr,1992 Mar,1992 Feb,1992 Jan,1991 Dec,1991 Nov,1991 Oct,1991 Sep,1991 Aug,1991 Jul,1991 Jun,1991 May,1991 Apr,1991 Mar,1991 Feb,1991 Jan,1990 Dec,1990 Nov,1990 Oct,1990 Sep,1990 Aug,1990 Jul,1990 Jun,1990 May,1990 Apr,1990 Mar,1990 Feb,1990 Jan,1989 Dec,1989 Nov,1989 Oct,1989 Sep,1989 Aug,1989 Jul,1989 Jun,1989 May,1989 Apr,1989 Mar,1989 Feb,1989 Jan,1988 Dec,1988 Nov,1988 Oct,1988 Sep,1988 Aug,1988 Jul,1988 Jun,1988 May,1988 Apr,1988 Mar,1988 Feb,1988 Jan,1987 Dec,1987 Nov,1987 Oct,1987 Sep,1987 Aug,1987 Jul,1987 Jun,1987 May,1987 Apr,1987 Mar,1987 Feb,1987 Jan,1986 Dec,1986 Nov,1986 Oct,1986 Sep,1986 Aug,1986 Jul,1986 Jun,1986 May,1986 Apr,1986 Mar,1986 Feb,1986 Jan,1985 Dec,1985 Nov,1985 Oct,1985 Sep,1985 Aug,1985 Jul,1985 Jun,1985 May,1985 Apr,1985 Mar,1985 Feb,1985 Jan,1984 Dec,1984 Nov,1984 Oct,1984 Sep,1984 Aug,1984 Jul,1984 Jun,1984 May,1984 Apr,1984 Mar,1984 Feb,1984 Jan,1983 Dec,1983 Nov,1983 Oct,1983 Sep,1983 Aug,1983 Jul,1983 Jun,1983 May,1983 Apr,1983 Mar,1983 Feb,1983 Jan,1982 Dec,1982 Nov,1982 Oct,1982 Sep,1982 Aug,1982 Jul,1982 Jun,1982 May,1982 Apr,1982 Mar,1982 Feb,1982 Jan,1981 Dec,1981 Nov,1981 Oct,1981 Sep,1981 Aug,1981 Jul,1981 Jun,1981 May,1981 Apr,1981 Mar,1981 Feb,1981 Jan,1980 Dec,1980 Nov,1980 Oct,1980 Sep,1980 Aug,1980 Jul,1980 Jun,1980 May,1980 Apr,1980 Mar,1980 Feb,1980 Jan
Total Aircraft Arrivals And Departures (Number),"12,151.0","10,441.0","10,185.0","9,427.0","9,294.0","9,400.0","8,821.0","8,702.0","8,166.0","8,103.0","6,707.0","7,495.0","7,525.0","6,572.0","5,890.0","5,623.0","5,562.0","5,247.0","4,779.0","4,472.0","3,865.0","16,223.0","26,231.0","33,435.0","33,344.0","31,598.0","31,958.0","31,179.0","32,364.0","32,389.0","31,391.0","31,671.0","31,454.0","32,371.0","29,894.0","32,729.0","33,417.0","31,909.0","32,759.0","31,395.0","32,888.0","32,706.0","31,874.0","32,332.0","31,990.0","32,585.0","29,701.0","32,486.0","32,956.0","31,140.0","31,733.0","30,492.0","31,747.0","31,908.0","30,915.0","31,197.0","30,569.0","30,916.0","28,032.0","31,596.0","31,974.0","29,708.0","30,614.0","29,330.0","30,257.0","30,793.0","29,345.0","30,221.0","29,460.0","30,125.0","28,518.0","30,145.0","30,621.0","28,729.0","29,610.0","28,464.0","29,606.0","29,412.0","28,531.0","29,042.0","28,256.0","28,793.0","26,491.0","28,779.0","29,711.0","28,031.0","28,380.0","27,024.0","28,356.0","28,205.0","28,130.0","28,933.0","28,358.0","29,141.0","26,764.0","30,353.0","30,923.0","29,505.0","29,485.0","28,441.0","29,613.0","28,955.0","28,283.0","28,451.0","27,544.0","28,423.0","25,939.0","28,203.0","28,958.0","27,593.0","27,641.0","26,526.0","27,381.0","27,093.0","26,662.0","26,990.0","26,410.0","26,981.0","24,903.0","27,584.0","27,654.0","25,923.0","26,270.0","25,513.0","25,708.0","25,908.0","25,059.0","24,994.0","24,266.0","24,403.0","22,013.0","24,000.0","23,839.0","22,372.0","22,488.0","21,923.0","22,368.0","22,593.0","21,833.0","22,151.0","21,303.0","21,604.0","19,617.0","21,502.0","21,885.0","20,661.0","20,986.0","20,115.0","20,495.0","20,264.0","19,071.0","19,711.0","19,625.0","19,559.0","17,615.0","20,373.0","20,771.0","19,193.0","19,664.0","19,009.0","19,673.0","19,697.0","19,103.0","19,590.0","18,884.0","19,370.0","18,104.0","18,868.0","19,339.0","18,515.0","18,950.0","18,194.0","18,643.0","18,622.0","18,177.0","18,561.0","18,021.0","18,611.0","16,661.0","18,452.0","18,987.0","18,022.0","18,398.0","17,625.0","17,992.0","18,018.0","17,561.0","17,962.0","17,672.0","18,164.0","16,043.0","17,780.0","17,916.0","17,324.0","17,371.0","16,834.0","17,400.0","17,523.0","17,201.0","17,431.0","16,813.0","16,649.0","15,010.0","16,666.0","16,828.0","16,094.0","16,352.0","15,569.0","15,850.0","15,809.0","15,273.0","15,490.0","14,768.0","14,724.0","13,481.0","14,695.0","14,624.0","14,005.0","13,422.0","12,498.0","12,377.0","11,727.0","9,859.0","9,555.0","11,780.0","15,254.0","13,977.0","15,268.0","15,374.0","14,666.0","15,050.0","14,420.0","14,867.0","14,796.0","14,299.0","14,784.0","14,187.0","14,587.0","13,227.0","14,563.0","14,848.0","14,302.0","14,898.0","14,818.0","15,377.0","15,393.0","15,092.0","15,503.0","14,893.0","15,284.0","13,699.0","15,253.0","15,138.0","14,601.0","14,941.0","14,401.0","14,796.0","14,726.0","14,324.0","14,523.0","14,189.0","14,517.0","13,648.0","14,152.0","14,448.0","13,780.0","14,080.0","13,605.0","14,008.0","14,089.0","13,796.0","14,044.0","13,604.0","14,001.0","12,675.0","13,831.0","13,971.0","13,601.0","13,957.0","13,348.0","13,706.0","13,782.0","13,431.0","14,287.0","13,560.0","14,033.0","12,882.0","14,684.0","14,922.0","14,354.0","14,505.0","14,161.0","14,634.0","14,700.0","14,319.0","14,667.0","14,138.0","14,593.0","13,299.0","14,380.0","14,558.0","13,857.0","14,091.0","13,588.0","14,094.0","14,150.0","13,790.0","14,165.0","13,606.0","13,823.0","13,259.0","13,768.0","14,152.0","13,461.0","13,303.0","12,785.0","13,237.0","13,195.0","12,773.0","13,047.0","12,806.0","13,002.0","11,755.0","12,818.0","12,954.0","12,363.0","12,413.0","11,941.0","12,242.0","12,241.0","11,920.0","12,175.0","11,797.0","12,091.0","11,212.0","11,985.0","12,256.0","11,592.0","11,729.0","11,235.0","11,702.0","11,681.0","11,308.0","11,544.0","11,181.0","11,192.0","10,020.0","11,322.0","11,388.0","10,804.0","10,752.0","10,415.0","10,741.0","10,703.0","10,222.0","10,475.0","10,001.0","10,093.0","9,736.0","10,196.0","10,340.0","9,733.0","9,455.0","9,033.0","9,303.0","9,198.0","8,981.0","9,015.0","8,572.0","8,600.0","7,883.0","8,615.0","8,930.0","8,433.0","8,337.0","8,009.0","8,214.0","8,123.0","7,930.0","8,250.0","7,891.0","8,130.0","7,358.0","8,070.0","7,944.0","7,593.0","7,562.0","7,260.0","7,343.0","7,342.0","7,209.0","7,365.0","7,190.0","7,145.0","6,516.0","6,952.0","7,133.0","7,069.0","7,048.0","6,792.0","7,240.0","7,147.0","6,856.0","6,975.0","6,698.0","6,727.0","6,516.0","6,729.0","6,886.0","6,392.0","6,464.0","6,320.0","6,763.0","6,508.0","6,288.0","6,422.0","6,113.0","6,340.0","5,619.0","6,161.0","6,115.0","5,863.0","6,039.0","6,003.0","6,358.0","6,247.0","6,049.0","6,268.0","6,045.0","6,212.0","5,696.0","6,127.0","6,195.0","5,932.0","6,137.0","6,139.0","6,374.0","6,147.0","6,104.0","6,157.0","6,061.0","6,181.0","5,688.0","6,108.0","6,187.0","5,925.0","5,988.0","5,902.0","6,112.0","5,998.0","5,875.0","5,932.0","5,702.0","5,795.0","5,512.0","5,746.0","5,794.0","5,556.0","5,815.0","5,674.0","5,828.0","5,658.0","5,498.0","5,685.0","5,484.0","5,649.0","5,282.0","5,671.0","5,765.0","5,457.0","5,754.0","5,641.0","5,777.0","5,738.0","5,545.0","5,590.0","5,638.0","5,921.0","5,375.0","5,958.0","6,022.0","5,755.0","5,944.0","5,849.0","6,069.0","6,009.0","5,757.0","5,872.0","5,752.0","6,258.0","5,784.0","6,294.0","6,461.0","6,326.0","6,461.0","6,245.0","6,553.0","6,279.0","6,094.0","6,301.0","6,247.0","6,391.0","6,112.0","6,501.0"
  Aircraft Arrivals (Number),"6,066.0","5,215.0","5,091.0","4,706.0","4,647.0","4,693.0","4,399.0","4,348.0","4,078.0","4,048.0","3,352.0","3,744.0","3,760.0","3,278.0","2,944.0","2,814.0","2,777.0","2,621.0","2,390.0","2,237.0","1,920.0","8,146.0","13,115.0","16,719.0","16,675.0","15,796.0","15,978.0","15,589.0","16,181.0","16,196.0","15,695.0","15,833.0","15,725.0","16,178.0","14,950.0","16,368.0","16,712.0","15,937.0","16,389.0","15,700.0","16,426.0","16,358.0","15,931.0","16,163.0","15,993.0","16,285.0","14,855.0","16,251.0","16,468.0","15,569.0","15,871.0","15,245.0","15,866.0","15,960.0","15,448.0","15,601.0","15,281.0","15,454.0","14,024.0","15,804.0","15,988.0","14,848.0","15,324.0","14,659.0","15,139.0","15,392.0","14,672.0","15,114.0","14,722.0","15,061.0","14,260.0","15,072.0","15,306.0","14,365.0","14,803.0","14,232.0","14,814.0","14,699.0","14,265.0","14,519.0","14,126.0","14,390.0","13,249.0","14,384.0","14,862.0","14,011.0","14,191.0","13,506.0","14,179.0","14,093.0","14,066.0","14,465.0","14,177.0","14,580.0","13,375.0","15,175.0","15,460.0","14,747.0","14,741.0","14,219.0","14,800.0","14,483.0","14,136.0","14,218.0","13,781.0","14,203.0","12,967.0","14,095.0","14,483.0","13,786.0","13,837.0","13,257.0","13,688.0","13,543.0","13,325.0","13,494.0","13,213.0","13,482.0","12,451.0","13,790.0","13,826.0","12,961.0","13,134.0","12,749.0","12,855.0","12,949.0","12,526.0","12,499.0","12,133.0","12,188.0","11,007.0","12,000.0","11,912.0","11,188.0","11,242.0","10,961.0","11,185.0","11,288.0","10,913.0","11,079.0","10,647.0","10,804.0","9,811.0","10,739.0","10,944.0","10,336.0","10,489.0","10,060.0","10,252.0","10,133.0","9,535.0","9,846.0","9,810.0","9,780.0","8,810.0","10,189.0","10,387.0","9,596.0","9,829.0","9,510.0","9,825.0","9,847.0","9,550.0","9,794.0","9,430.0","9,688.0","9,046.0","9,428.0","9,676.0","9,254.0","9,474.0","9,093.0","9,321.0","9,312.0","9,081.0","9,282.0","9,008.0","9,302.0","8,333.0","9,216.0","9,499.0","9,005.0","9,204.0","8,803.0","8,991.0","9,012.0","8,778.0","8,977.0","8,836.0","9,081.0","8,013.0","8,893.0","8,956.0","8,661.0","8,684.0","8,415.0","8,692.0","8,759.0","8,595.0","8,718.0","8,404.0","8,315.0","7,501.0","8,335.0","8,413.0","8,046.0","8,174.0","7,780.0","7,930.0","7,899.0","7,632.0","7,746.0","7,381.0","7,356.0","6,735.0","7,345.0","7,309.0","7,003.0","6,713.0","6,241.0","6,187.0","5,860.0","4,928.0","4,782.0","5,884.0","7,636.0","6,994.0","7,636.0","7,690.0","7,326.0","7,519.0","7,207.0","7,428.0","7,393.0","7,153.0","7,386.0","7,091.0","7,292.0","6,615.0","7,279.0","7,422.0","7,145.0","7,445.0","7,408.0","7,698.0","7,722.0","7,558.0","7,754.0","7,449.0","7,633.0","6,849.0","7,623.0","7,558.0","7,297.0","7,464.0","7,179.0","7,379.0","7,351.0","7,151.0","7,254.0","7,090.0","7,248.0","6,828.0","7,054.0","7,235.0","6,884.0","7,040.0","6,791.0","7,003.0","7,051.0","6,891.0","7,016.0","6,804.0","6,997.0","6,339.0","6,919.0","6,992.0","6,791.0","6,978.0","6,670.0","6,853.0","6,885.0","6,711.0","7,150.0","6,774.0","7,010.0","6,435.0","7,341.0","7,451.0","7,181.0","7,234.0","7,084.0","7,314.0","7,341.0","7,161.0","7,332.0","7,058.0","7,285.0","6,648.0","7,187.0","7,276.0","6,932.0","7,046.0","6,788.0","7,046.0","7,066.0","6,897.0","7,077.0","6,804.0","6,904.0","6,627.0","6,882.0","7,072.0","6,715.0","6,659.0","6,386.0","6,621.0","6,593.0","6,387.0","6,515.0","6,401.0","6,496.0","5,878.0","6,411.0","6,469.0","6,174.0","6,206.0","5,976.0","6,119.0","6,047.0","5,946.0","6,089.0","5,890.0","6,040.0","5,600.0","6,009.0","6,120.0","5,801.0","5,861.0","5,613.0","5,857.0","5,837.0","5,645.0","5,757.0","5,588.0","5,611.0","5,007.0","5,658.0","5,696.0","5,398.0","5,370.0","5,215.0","5,378.0","5,357.0","5,124.0","5,234.0","4,996.0","5,031.0","4,868.0","5,103.0","5,171.0","4,867.0","4,721.0","4,515.0","4,643.0","4,597.0","4,482.0","4,510.0","4,286.0","4,295.0","3,945.0","4,307.0","4,466.0","4,212.0","4,167.0","3,995.0","4,107.0","4,059.0","3,962.0","4,117.0","3,949.0","4,066.0","3,672.0","4,031.0","3,969.0","3,790.0","3,786.0","3,628.0","3,665.0","3,670.0","3,605.0","3,683.0","3,588.0","3,573.0","3,256.0","3,481.0","3,565.0","3,533.0","3,528.0","3,402.0","3,621.0","3,565.0","3,431.0","3,489.0","3,351.0","3,357.0","3,264.0","3,361.0","3,441.0","3,199.0","3,234.0","3,157.0","3,382.0","3,256.0","3,142.0","3,206.0","3,055.0","3,172.0","2,810.0","3,077.0","3,056.0","2,928.0","3,023.0","3,002.0","3,180.0","3,123.0","3,029.0","3,130.0","3,019.0","3,110.0","2,850.0","3,065.0","3,099.0","2,969.0","3,067.0","3,072.0","3,178.0","3,075.0","3,046.0","3,078.0","3,034.0","3,085.0","2,845.0","3,052.0","3,093.0","2,961.0","2,995.0","2,948.0","3,050.0","3,002.0","2,934.0","2,966.0","2,853.0","2,894.0","2,753.0","2,878.0","2,896.0","2,774.0","2,906.0","2,840.0","2,915.0","2,822.0","2,749.0","2,839.0","2,741.0","2,823.0","2,635.0","2,836.0","2,880.0","2,730.0","2,882.0","2,817.0","2,890.0","2,864.0","2,768.0","2,798.0","2,817.0","2,959.0","2,684.0","2,979.0","3,007.0","2,874.0","2,969.0","2,923.0","3,031.0","3,002.0","2,875.0","2,938.0","2,871.0","3,127.0","2,891.0","3,144.0","3,232.0","3,162.0","3,230.0","3,121.0","3,267.0","3,137.0","3,047.0","3,147.0","3,120.0","3,196.0","3,052.0","3,245.0"
  Aircraft Departures (Number),"6,085.0","5,226.0","5,094.0","4,721.0","4,647.0","4,707.0","4,422.0","4,354.0","4,088.0","4,055.0","3,355.0","3,751.0","3,765.0","3,294.0","2,946.0","2,809.0","2,785.0","2,626.0","2,389.0","2,235.0","1,945.0","8,077.0","13,116.0","16,716.0","16,669.0","15,802.0","15,980.0","15,590.0","16,183.0","16,193.0","15,696.0","15,838.0","15,729.0","16,193.0","14,944.0","16,361.0","16,705.0","15,972.0","16,370.0","15,695.0","16,462.0","16,348.0","15,943.0","16,169.0","15,997.0","16,300.0","14,846.0","16,235.0","16,488.0","15,571.0","15,862.0","15,247.0","15,881.0","15,948.0","15,467.0","15,596.0","15,288.0","15,462.0","14,008.0","15,792.0","15,986.0","14,860.0","15,290.0","14,671.0","15,118.0","15,401.0","14,673.0","15,107.0","14,738.0","15,064.0","14,258.0","15,073.0","15,315.0","14,364.0","14,807.0","14,232.0","14,792.0","14,713.0","14,266.0","14,523.0","14,130.0","14,403.0","13,242.0","14,395.0","14,849.0","14,020.0","14,189.0","13,518.0","14,177.0","14,112.0","14,064.0","14,468.0","14,181.0","14,561.0","13,389.0","15,178.0","15,463.0","14,758.0","14,744.0","14,222.0","14,813.0","14,472.0","14,147.0","14,233.0","13,763.0","14,220.0","12,972.0","14,108.0","14,475.0","13,807.0","13,804.0","13,269.0","13,693.0","13,550.0","13,337.0","13,496.0","13,197.0","13,499.0","12,452.0","13,794.0","13,828.0","12,962.0","13,136.0","12,764.0","12,853.0","12,959.0","12,533.0","12,495.0","12,133.0","12,215.0","11,006.0","12,000.0","11,927.0","11,184.0","11,246.0","10,962.0","11,183.0","11,305.0","10,920.0","11,072.0","10,656.0","10,800.0","9,806.0","10,763.0","10,941.0","10,325.0","10,497.0","10,055.0","10,243.0","10,131.0","9,536.0","9,865.0","9,815.0","9,779.0","8,805.0","10,184.0","10,384.0","9,597.0","9,835.0","9,499.0","9,848.0","9,850.0","9,553.0","9,796.0","9,454.0","9,682.0","9,058.0","9,440.0","9,663.0","9,261.0","9,476.0","9,101.0","9,322.0","9,310.0","9,096.0","9,279.0","9,013.0","9,309.0","8,328.0","9,236.0","9,488.0","9,017.0","9,194.0","8,822.0","9,001.0","9,006.0","8,783.0","8,985.0","8,836.0","9,083.0","8,030.0","8,887.0","8,960.0","8,663.0","8,687.0","8,419.0","8,708.0","8,764.0","8,606.0","8,713.0","8,409.0","8,334.0","7,509.0","8,331.0","8,415.0","8,048.0","8,178.0","7,789.0","7,920.0","7,910.0","7,641.0","7,744.0","7,387.0","7,368.0","6,746.0","7,350.0","7,315.0","7,002.0","6,709.0","6,257.0","6,190.0","5,867.0","4,931.0","4,773.0","5,896.0","7,618.0","6,983.0","7,632.0","7,684.0","7,340.0","7,531.0","7,213.0","7,439.0","7,403.0","7,146.0","7,398.0","7,096.0","7,295.0","6,612.0","7,284.0","7,426.0","7,157.0","7,453.0","7,410.0","7,679.0","7,671.0","7,534.0","7,749.0","7,444.0","7,651.0","6,850.0","7,630.0","7,580.0","7,304.0","7,477.0","7,222.0","7,417.0","7,375.0","7,173.0","7,269.0","7,099.0","7,269.0","6,820.0","7,098.0","7,213.0","6,896.0","7,040.0","6,814.0","7,005.0","7,038.0","6,905.0","7,028.0","6,800.0","7,004.0","6,336.0","6,912.0","6,979.0","6,810.0","6,979.0","6,678.0","6,853.0","6,897.0","6,720.0","7,137.0","6,786.0","7,023.0","6,447.0","7,343.0","7,471.0","7,173.0","7,271.0","7,077.0","7,320.0","7,359.0","7,158.0","7,335.0","7,080.0","7,308.0","6,651.0","7,193.0","7,282.0","6,925.0","7,045.0","6,800.0","7,048.0","7,084.0","6,893.0","7,088.0","6,802.0","6,919.0","6,632.0","6,886.0","7,080.0","6,746.0","6,644.0","6,399.0","6,616.0","6,602.0","6,386.0","6,532.0","6,405.0","6,506.0","5,877.0","6,407.0","6,485.0","6,189.0","6,207.0","5,965.0","6,123.0","6,194.0","5,974.0","6,086.0","5,907.0","6,051.0","5,612.0","5,976.0","6,136.0","5,791.0","5,868.0","5,622.0","5,845.0","5,844.0","5,663.0","5,787.0","5,593.0","5,581.0","5,013.0","5,664.0","5,692.0","5,406.0","5,382.0","5,200.0","5,363.0","5,346.0","5,098.0","5,241.0","5,005.0","5,062.0","4,868.0","5,093.0","5,169.0","4,866.0","4,734.0","4,518.0","4,660.0","4,601.0","4,499.0","4,505.0","4,286.0","4,305.0","3,938.0","4,308.0","4,464.0","4,221.0","4,170.0","4,014.0","4,107.0","4,064.0","3,968.0","4,133.0","3,942.0","4,064.0","3,686.0","4,039.0","3,975.0","3,803.0","3,776.0","3,632.0","3,678.0","3,672.0","3,604.0","3,682.0","3,602.0","3,572.0","3,260.0","3,471.0","3,568.0","3,536.0","3,520.0","3,390.0","3,619.0","3,582.0","3,425.0","3,486.0","3,347.0","3,370.0","3,252.0","3,368.0","3,445.0","3,193.0","3,230.0","3,163.0","3,381.0","3,252.0","3,146.0","3,216.0","3,058.0","3,168.0","2,809.0","3,084.0","3,059.0","2,935.0","3,016.0","3,001.0","3,178.0","3,124.0","3,020.0","3,138.0","3,026.0","3,102.0","2,846.0","3,062.0","3,096.0","2,963.0","3,070.0","3,067.0","3,196.0","3,072.0","3,058.0","3,079.0","3,027.0","3,096.0","2,843.0","3,056.0","3,094.0","2,964.0","2,993.0","2,954.0","3,062.0","2,996.0","2,941.0","2,966.0","2,849.0","2,901.0","2,759.0","2,868.0","2,898.0","2,782.0","2,909.0","2,834.0","2,913.0","2,836.0","2,749.0","2,846.0","2,743.0","2,826.0","2,647.0","2,835.0","2,885.0","2,727.0","2,872.0","2,824.0","2,887.0","2,874.0","2,777.0","2,792.0","2,821.0","2,962.0","2,691.0","2,979.0","3,015.0","2,881.0","2,975.0","2,926.0","3,038.0","3,007.0","2,882.0","2,934.0","2,881.0","3,131.0","2,893.0","3,150.0","3,229.0","3,164.0","3,231.0","3,124.0","3,286.0","3,142.0","3,047.0","3,154.0","3,127.0","3,195.0","3,060.0","3,256.0"
Total Passengers (Number),"817,092.0","395,289.0","255,148.0","219,506.0","211,408.0","203,701.0","178,361.0","171,277.0","173,061.0","165,638.0","117,513.0","144,931.0","151,860.0","110,737.0","98,290.0","90,241.0","84,296.0","85,981.0","48,241.0","24,504.0","25,189.0","1,649,662.0","3,446,022.0","5,950,940.0","6,414,495.0","5,718,386.0","5,646,643.0","5,469,342.0","5,900,629.0","5,910,782.0","5,816,089.0","5,407,308.0","5,580,503.0","5,630,780.0","5,131,807.0","5,656,076.0","6,127,843.0","5,408,993.0","5,376,234.0","5,225,903.0","5,682,688.0","5,723,094.0","5,565,775.0","5,294,980.0","5,430,745.0","5,555,117.0","4,932,345.0","5,303,639.0","5,861,990.0","5,173,747.0","5,155,327.0","4,927,561.0","5,265,703.0","5,415,734.0","5,208,779.0","5,003,578.0","5,168,548.0","5,112,576.0","4,669,729.0","5,256,301.0","5,676,648.0","4,784,818.0","4,768,937.0","4,584,383.0","4,923,309.0","5,181,108.0","4,838,307.0","4,781,918.0","4,793,662.0","4,902,767.0","4,602,026.0","4,860,156.0","5,293,165.0","4,636,752.0","4,600,789.0","4,421,554.0","4,955,301.0","4,893,574.0","4,699,589.0","4,480,261.0","4,391,381.0","4,535,119.0","4,121,357.0","4,420,122.0","5,093,465.0","4,415,710.0","4,490,180.0","4,256,229.0","4,649,022.0","4,581,591.0","4,654,569.0","4,368,639.0","4,383,872.0","4,493,991.0","4,109,038.0","4,596,764.0","5,119,439.0","4,464,415.0","4,405,289.0","4,279,588.0","4,678,005.0","4,536,572.0","4,669,334.0","4,281,153.0","4,240,461.0","4,608,339.0","4,117,962.0","4,325,530.0","4,916,197.0","4,365,456.0","4,268,532.0","4,002,344.0","4,276,912.0","4,360,693.0","4,402,693.0","4,089,894.0","4,206,420.0","4,277,559.0","3,770,270.0","4,244,834.0","4,525,348.0","3,890,535.0","3,878,788.0","3,817,720.0","3,855,722.0","4,172,971.0","4,011,823.0","3,773,137.0","3,731,875.0","3,708,592.0","3,390,264.0","3,787,070.0","4,063,874.0","3,623,080.0","3,581,850.0","3,393,497.0","3,467,630.0","3,673,387.0","3,621,082.0","3,389,972.0","3,283,071.0","3,448,617.0","3,108,244.0","3,384,473.0","3,832,328.0","3,365,250.0","3,320,887.0","3,063,650.0","3,162,960.0","3,169,720.0","3,053,035.0","2,787,124.0","2,914,509.0","2,901,885.0","2,558,953.0","3,073,677.0","3,493,890.0","3,081,842.0","3,132,419.0","2,888,892.0","3,148,362.0","3,232,007.0","3,215,021.0","3,134,572.0","3,049,449.0","3,264,616.0","2,940,491.0","3,113,263.0","3,513,762.0","3,182,693.0","3,077,064.0","2,900,307.0","3,111,873.0","3,156,243.0","3,125,696.0","2,930,477.0","2,968,719.0","3,071,748.0","2,718,900.0","2,944,074.0","3,418,062.0","3,024,706.0","2,972,562.0","2,765,037.0","2,957,866.0","3,049,601.0","2,980,106.0","2,784,615.0","2,850,395.0","2,847,456.0","2,545,676.0","2,837,001.0","3,103,157.0","2,801,076.0","2,748,919.0","2,654,697.0","2,780,426.0","2,898,656.0","2,806,185.0","2,608,397.0","2,561,634.0","2,628,115.0","2,307,000.0","2,532,594.0","2,956,668.0","2,712,571.0","2,562,470.0","2,441,242.0","2,597,601.0","2,679,107.0","2,603,192.0","2,375,387.0","2,370,567.0","2,365,455.0","2,173,157.0","2,516,148.0","2,702,681.0","2,404,322.0","2,301,146.0","2,243,004.0","2,258,839.0","2,121,034.0","1,527,529.0","1,003,619.0","1,168,611.0","2,217,884.0","2,242,013.0","2,473,455.0","2,751,358.0","2,349,313.0","2,398,719.0","2,345,354.0","2,496,030.0","2,478,260.0","2,456,221.0","2,393,972.0","2,340,976.0","2,496,235.0","2,207,855.0","2,265,051.0","2,513,005.0","2,094,570.0","2,096,942.0","2,285,790.0","2,481,805.0","2,513,806.0","2,447,201.0","2,300,020.0","2,314,821.0","2,451,966.0","2,126,733.0","2,467,100.0","2,614,036.0","2,426,484.0","2,410,924.0","2,380,969.0","2,466,113.0","2,473,812.0","2,419,411.0","2,271,392.0","2,371,910.0","2,345,783.0","2,215,569.0","2,221,797.0","2,386,023.0","2,309,505.0","2,220,387.0","2,147,672.0","2,278,976.0","2,229,213.0","2,241,423.0","2,024,338.0","2,002,629.0","2,158,459.0","1,973,070.0","2,092,950.0","2,330,210.0","2,037,230.0","2,008,947.0","1,902,633.0","2,082,829.0","1,977,846.0","2,017,927.0","1,945,342.0","1,913,054.0","1,895,942.0","1,752,422.0","1,938,798.0","2,286,910.0","2,007,658.0","1,913,596.0","2,056,664.0","2,165,016.0","2,204,621.0","2,226,839.0","2,005,959.0","2,005,286.0","2,194,442.0","2,065,920.0","2,041,433.0","2,406,169.0","2,144,333.0","2,010,634.0","1,908,094.0","2,137,310.0","2,067,977.0","2,128,942.0","1,918,785.0","1,942,508.0","2,036,719.0","1,919,938.0","1,892,839.0","2,220,703.0","2,003,006.0","1,934,830.0","1,919,314.0","2,077,971.0","2,016,698.0","1,940,256.0","1,794,882.0","1,783,931.0","1,891,114.0","1,731,013.0","1,882,522.0","2,070,869.0","1,837,525.0","1,783,161.0","1,767,093.0","1,953,458.0","1,879,921.0","1,811,503.0","1,648,928.0","1,693,219.0","1,833,797.0","1,674,645.0","1,690,558.0","1,950,841.0","1,738,822.0","1,658,633.0","1,608,241.0","1,825,434.0","1,717,189.0","1,717,822.0","1,537,191.0","1,565,152.0","1,597,919.0","1,419,927.0","1,650,043.0","1,732,205.0","1,557,646.0","1,473,008.0","1,498,673.0","1,626,682.0","1,574,162.0","1,542,834.0","1,367,468.0","1,432,848.0","1,408,279.0","1,464,483.0","1,421,867.0","1,630,134.0","1,475,565.0","1,403,076.0","1,391,759.0","1,505,693.0","1,405,019.0","1,467,963.0","1,246,966.0","1,238,184.0","1,200,026.0","1,087,214.0","1,233,440.0","1,482,549.0","1,334,484.0","1,280,024.0","1,257,513.0","1,384,333.0","1,324,661.0","1,318,779.0","1,250,117.0","1,236,082.0","1,296,306.0","1,183,722.0","1,272,188.0","1,356,621.0","1,244,156.0","1,196,750.0","1,195,918.0","1,240,544.0","1,222,448.0","1,171,689.0","1,100,198.0","1,089,718.0","1,160,644.0","1,050,398.0","1,107,283.0","1,216,461.0","1,100,585.0","1,056,306.0","1,036,348.0","1,137,586.0","1,106,853.0","1,057,159.0","968,082.0","978,738.0","1,020,237.0","947,520.0","969,411.0","1,080,560.0","942,284.0","936,870.0","928,063.0","1,045,218.0","1,006,201.0","962,928.0","880,365.0","853,540.0","874,058.0","808,397.0","885,309.0","952,247.0","846,396.0","825,774.0","837,989.0","928,049.0","874,633.0","872,208.0","772,100.0","773,449.0","806,335.0","771,454.0","807,085.0","928,211.0","803,441.0","790,129.0","798,452.0","907,057.0","836,088.0","877,773.0","775,913.0","784,903.0","834,356.0","751,999.0","768,508.0","900,044.0","790,133.0","787,115.0","790,793.0","880,911.0","810,193.0","803,912.0","779,161.0","762,504.0","720,520.0","706,296.0","734,069.0","830,123.0","724,244.0","716,388.0","723,604.0","795,479.0","742,363.0","737,906.0","701,404.0","667,350.0","697,684.0","655,858.0","686,749.0","781,862.0","731,550.0","707,962.0","700,226.0","794,148.0","762,582.0","731,708.0","675,233.0","667,589.0","693,735.0","636,075.0","729,142.0","773,043.0","716,405.0","688,913.0","665,399.0","774,005.0","706,279.0","674,922.0","627,592.0","629,547.0","645,765.0","619,577.0","630,711.0","693,500.0","640,824.0","611,995.0","585,076.0","684,907.0","618,380.0","594,860.0","587,003.0","561,218.0","597,644.0","552,263.0","566,879.0"
  Passengers Arriving (Number),"394,269.0","184,721.0","120,883.0","103,831.0","98,300.0","96,367.0","76,387.0","74,145.0","85,019.0","81,820.0","58,750.0","73,345.0","75,337.0","50,114.0","42,267.0","35,508.0","32,865.0","34,261.0","13,996.0","3,976.0","5,776.0","828,317.0","1,687,083.0","3,000,922.0","3,231,750.0","2,814,414.0","2,787,094.0","2,726,048.0","2,926,617.0","2,986,187.0","2,920,788.0","2,657,323.0","2,824,331.0","2,795,669.0","2,565,307.0","2,865,915.0","3,092,165.0","2,642,203.0","2,657,528.0","2,602,920.0","2,790,114.0","2,877,561.0","2,797,378.0","2,593,978.0","2,732,843.0","2,745,173.0","2,428,368.0","2,714,369.0","2,941,403.0","2,520,209.0","2,549,697.0","2,472,650.0","2,572,191.0","2,725,701.0","2,602,663.0","2,469,051.0","2,573,280.0","2,543,155.0","2,348,046.0","2,642,038.0","2,838,114.0","2,333,956.0","2,347,744.0","2,258,798.0","2,438,966.0","2,609,912.0","2,425,547.0","2,366,789.0","2,384,191.0","2,437,156.0","2,272,357.0","2,490,196.0","2,643,838.0","2,255,303.0","2,275,334.0","2,177,750.0","2,453,913.0","2,453,899.0","2,372,653.0","2,177,764.0","2,181,441.0","2,237,167.0","2,018,729.0","2,243,305.0","2,548,964.0","2,134,128.0","2,209,537.0","2,093,056.0","2,277,703.0","2,274,043.0","2,302,985.0","2,130,910.0","2,159,701.0","2,211,879.0","2,060,429.0","2,265,436.0","2,572,554.0","2,164,238.0","2,150,448.0","2,115,158.0","2,300,798.0","2,263,773.0","2,315,861.0","2,091,320.0","2,112,175.0","2,251,713.0","2,001,547.0","2,160,774.0","2,441,550.0","2,102,448.0","2,075,010.0","1,949,613.0","2,079,441.0","2,148,193.0","2,184,433.0","1,972,646.0","2,054,888.0","2,087,238.0","1,851,000.0","2,109,494.0","2,242,263.0","1,865,818.0","1,893,500.0","1,861,845.0","1,871,360.0","2,056,049.0","1,990,616.0","1,818,880.0","1,831,259.0","1,816,430.0","1,670,471.0","1,859,658.0","2,016,952.0","1,738,373.0","1,737,287.0","1,644,663.0","1,681,797.0","1,794,126.0","1,787,760.0","1,613,748.0","1,617,186.0","1,674,208.0","1,499,346.0","1,681,005.0","1,888,091.0","1,609,236.0","1,602,157.0","1,481,373.0","1,529,324.0","1,543,389.0","1,490,813.0","1,331,036.0","1,412,496.0","1,396,331.0","1,249,465.0","1,492,315.0","1,707,899.0","1,462,377.0","1,500,119.0","1,395,361.0","1,501,358.0","1,568,864.0","1,584,192.0","1,482,737.0","1,475,385.0","1,575,765.0","1,409,338.0","1,521,835.0","1,723,309.0","1,509,807.0","1,476,108.0","1,393,988.0","1,486,512.0","1,527,157.0","1,540,784.0","1,370,474.0","1,423,826.0","1,458,457.0","1,297,496.0","1,431,639.0","1,660,695.0","1,422,379.0","1,412,937.0","1,314,222.0","1,396,172.0","1,458,461.0","1,446,210.0","1,301,587.0","1,361,586.0","1,349,776.0","1,218,154.0","1,335,643.0","1,504,565.0","1,332,961.0","1,274,683.0","1,252,628.0","1,305,078.0","1,380,241.0","1,365,817.0","1,222,552.0","1,208,958.0","1,238,376.0","1,088,066.0","1,190,146.0","1,442,286.0","1,259,116.0","1,201,403.0","1,142,316.0","1,211,115.0","1,266,151.0","1,259,022.0","1,101,155.0","1,125,848.0","1,110,753.0","1,031,209.0","1,185,984.0","1,313,217.0","1,109,916.0","1,079,953.0","1,052,973.0","1,060,772.0","994,704.0","707,534.0","447,755.0","531,247.0","1,053,850.0","1,075,361.0","1,160,294.0","1,341,856.0","1,094,579.0","1,121,857.0","1,105,115.0","1,165,727.0","1,169,308.0","1,199,064.0","1,113,677.0","1,112,304.0","1,177,316.0","1,042,812.0","1,083,620.0","1,219,468.0","978,632.0","986,199.0","1,081,657.0","1,170,932.0","1,195,365.0","1,195,115.0","1,082,517.0","1,095,673.0","1,158,157.0","1,004,780.0","1,164,672.0","1,272,897.0","1,133,556.0","1,142,458.0","1,121,235.0","1,158,741.0","1,180,515.0","1,174,014.0","1,056,417.0","1,118,255.0","1,100,033.0","1,042,395.0","1,045,092.0","1,162,625.0","1,065,899.0","1,045,569.0","999,213.0","1,064,156.0","1,051,683.0","1,074,059.0","946,610.0","952,797.0","1,002,099.0","921,602.0","990,089.0","1,120,795.0","941,033.0","946,332.0","892,006.0","983,613.0","944,507.0","974,009.0","929,296.0","903,140.0","898,977.0","864,256.0","893,575.0","1,125,823.0","949,830.0","896,778.0","966,847.0","1,020,296.0","1,044,618.0","1,072,036.0","947,564.0","937,720.0","1,030,349.0","970,646.0","953,462.0","1,172,766.0","992,707.0","946,843.0","897,453.0","1,004,871.0","975,918.0","1,053,528.0","890,622.0","895,006.0","965,904.0","901,146.0","890,630.0","1,084,845.0","924,870.0","915,900.0","904,812.0","971,243.0","953,656.0","942,016.0","824,853.0","818,419.0","887,759.0","832,140.0","859,226.0","1,015,697.0","849,365.0","833,020.0","818,304.0","906,320.0","874,790.0","864,228.0","760,151.0","786,429.0","853,195.0","783,258.0","789,343.0","948,383.0","802,417.0","781,943.0","748,803.0","858,063.0","810,358.0","837,562.0","713,533.0","735,878.0","750,191.0","664,491.0","769,736.0","839,139.0","717,685.0","684,323.0","695,113.0","750,683.0","735,130.0","740,278.0","636,005.0","669,028.0","647,530.0","685,426.0","645,687.0","792,334.0","671,302.0","647,559.0","642,882.0","694,305.0","655,008.0","695,234.0","578,018.0","573,539.0","557,524.0","509,004.0","567,832.0","719,356.0","613,762.0","593,080.0","578,388.0","634,344.0","614,922.0","625,306.0","568,501.0","569,759.0","593,583.0","550,233.0","575,999.0","643,360.0","562,760.0","547,632.0","547,359.0","564,009.0","563,253.0","556,166.0","499,419.0","493,376.0","531,121.0","479,227.0","503,277.0","575,657.0","490,338.0","478,253.0","459,639.0","503,542.0","492,727.0","489,884.0","432,584.0","441,331.0","460,889.0","427,020.0","434,586.0","503,080.0","413,716.0","418,928.0","409,104.0","462,816.0","439,286.0","444,972.0","393,555.0","384,072.0","389,745.0","370,152.0","387,737.0","438,663.0","369,299.0","372,229.0","366,205.0","405,325.0","374,864.0","397,467.0","343,197.0","339,869.0","350,807.0","335,961.0","351,690.0","421,099.0","347,526.0","348,699.0","346,416.0","386,580.0","368,822.0","394,034.0","340,648.0","344,261.0","363,037.0","327,810.0","334,655.0","406,556.0","344,060.0","352,784.0","345,375.0","374,408.0","356,897.0","369,957.0","339,986.0","338,332.0","322,277.0","314,134.0","315,986.0","377,274.0","314,848.0","320,816.0","310,620.0","340,724.0","328,601.0","338,558.0","308,903.0","292,871.0","307,881.0","288,663.0","300,961.0","356,712.0","323,149.0","315,451.0","295,237.0","346,210.0","338,064.0","335,718.0","294,788.0","291,148.0","298,032.0","277,433.0","315,469.0","350,941.0","314,739.0","307,745.0","289,059.0","344,177.0","318,493.0","311,813.0","274,595.0","275,944.0","272,334.0","265,569.0","271,695.0","316,631.0","275,384.0","267,687.0","250,091.0","298,606.0","271,505.0","264,753.0","246,876.0","240,343.0","246,262.0","227,555.0","235,030.0"
  Passengers Departing (Number),"418,214.0","207,540.0","131,402.0","113,378.0","111,014.0","105,118.0","99,250.0","95,254.0","86,579.0","83,568.0","58,669.0","71,487.0","76,350.0","60,232.0","56,006.0","54,703.0","51,371.0","51,415.0","34,190.0","20,400.0","17,340.0","791,383.0","1,718,033.0","2,893,053.0","3,132,828.0","2,855,679.0","2,801,262.0","2,682,724.0","2,911,530.0","2,853,267.0","2,834,087.0","2,691,345.0","2,700,598.0","2,787,741.0","2,522,088.0","2,726,368.0","2,980,249.0","2,717,011.0","2,652,749.0","2,550,670.0","2,817,913.0","2,764,491.0","2,700,106.0","2,644,254.0","2,640,693.0","2,760,196.0","2,461,291.0","2,525,462.0","2,866,096.0","2,606,883.0","2,546,111.0","2,389,930.0","2,631,532.0","2,620,083.0","2,550,518.0","2,489,147.0","2,549,877.0","2,525,511.0","2,281,794.0","2,556,029.0","2,786,523.0","2,409,220.0","2,368,664.0","2,279,281.0","2,438,273.0","2,521,603.0","2,371,241.0","2,377,533.0","2,366,216.0","2,422,486.0","2,293,676.0","2,319,262.0","2,604,316.0","2,343,936.0","2,278,858.0","2,192,314.0","2,447,055.0","2,381,169.0","2,278,717.0","2,250,744.0","2,151,585.0","2,245,963.0","2,056,989.0","2,112,813.0","2,488,481.0","2,233,049.0","2,219,441.0","2,094,124.0","2,291,337.0","2,221,346.0","2,283,458.0","2,169,010.0","2,155,835.0","2,219,050.0","1,988,492.0","2,256,458.0","2,483,789.0","2,242,642.0","2,183,361.0","2,086,775.0","2,297,446.0","2,189,193.0","2,282,765.0","2,124,178.0","2,060,941.0","2,252,444.0","2,020,099.0","2,051,368.0","2,367,320.0","2,168,916.0","2,084,166.0","1,933,488.0","2,079,477.0","2,090,097.0","2,107,380.0","2,014,832.0","2,043,602.0","2,091,947.0","1,835,669.0","2,036,751.0","2,192,763.0","1,942,754.0","1,887,140.0","1,849,324.0","1,882,601.0","2,004,277.0","1,927,832.0","1,868,316.0","1,812,308.0","1,809,121.0","1,641,378.0","1,833,300.0","1,960,366.0","1,804,273.0","1,746,190.0","1,650,285.0","1,685,022.0","1,767,444.0","1,736,874.0","1,688,575.0","1,584,955.0","1,691,178.0","1,523,687.0","1,598,416.0","1,845,636.0","1,678,740.0","1,619,786.0","1,485,967.0","1,534,162.0","1,522,370.0","1,473,188.0","1,368,755.0","1,414,252.0","1,420,110.0","1,228,027.0","1,471,977.0","1,677,129.0","1,515,958.0","1,525,034.0","1,373,939.0","1,522,964.0","1,530,938.0","1,513,040.0","1,534,984.0","1,460,867.0","1,565,559.0","1,416,975.0","1,465,433.0","1,668,761.0","1,564,788.0","1,485,531.0","1,385,013.0","1,498,667.0","1,496,093.0","1,467,817.0","1,446,780.0","1,419,379.0","1,478,309.0","1,301,969.0","1,368,539.0","1,619,943.0","1,482,854.0","1,425,977.0","1,307,632.0","1,413,682.0","1,437,317.0","1,398,481.0","1,354,092.0","1,356,139.0","1,357,895.0","1,195,684.0","1,340,581.0","1,445,536.0","1,337,826.0","1,330,026.0","1,247,006.0","1,319,753.0","1,361,777.0","1,308,583.0","1,254,142.0","1,218,461.0","1,251,076.0","1,094,858.0","1,187,251.0","1,365,173.0","1,321,682.0","1,206,514.0","1,139,069.0","1,221,072.0","1,244,083.0","1,200,630.0","1,144,279.0","1,109,709.0","1,119,126.0","1,019,034.0","1,179,304.0","1,243,790.0","1,154,419.0","1,078,120.0","1,050,899.0","1,056,101.0","984,493.0","706,953.0","460,853.0","539,731.0","1,062,293.0","1,051,667.0","1,165,792.0","1,266,703.0","1,139,261.0","1,134,406.0","1,097,050.0","1,182,849.0","1,158,854.0","1,127,989.0","1,155,074.0","1,101,439.0","1,184,705.0","1,049,097.0","1,049,667.0","1,168,811.0","1,010,378.0","989,953.0","1,069,052.0","1,177,845.0","1,165,466.0","1,128,957.0","1,100,331.0","1,092,985.0","1,159,572.0","994,565.0","1,150,647.0","1,208,339.0","1,169,795.0","1,128,522.0","1,119,842.0","1,162,433.0","1,151,979.0","1,117,007.0","1,079,456.0","1,111,754.0","1,107,395.0","1,036,844.0","1,025,209.0","1,091,386.0","1,116,539.0","1,040,286.0","1,008,397.0","1,067,895.0","1,036,337.0","1,049,689.0","957,522.0","935,699.0","1,020,011.0","931,078.0","958,437.0","1,078,606.0","977,757.0","945,538.0","897,489.0","986,561.0","926,897.0","950,539.0","917,695.0","908,228.0","900,217.0","800,833.0","940,633.0","1,063,558.0","965,003.0","909,278.0","972,054.0","1,021,266.0","1,029,710.0","1,045,290.0","946,377.0","958,872.0","1,035,933.0","981,281.0","954,637.0","1,106,650.0","1,032,240.0","950,785.0","897,118.0","1,012,813.0","973,026.0","966,837.0","916,754.0","934,467.0","955,028.0","914,826.0","881,864.0","1,019,102.0","962,035.0","903,808.0","896,937.0","982,254.0","939,947.0","877,438.0","846,846.0","825,001.0","886,766.0","790,132.0","893,191.0","934,684.0","869,041.0","829,619.0","829,102.0","914,258.0","882,883.0","820,524.0","773,453.0","791,887.0","861,838.0","781,089.0","780,159.0","892,547.0","819,798.0","774,343.0","759,440.0","856,647.0","799,070.0","788,317.0","741,742.0","738,391.0","757,973.0","668,745.0","777,957.0","801,101.0","745,416.0","687,546.0","700,838.0","755,605.0","724,192.0","708,571.0","637,599.0","670,441.0","661,903.0","677,454.0","661,555.0","728,274.0","691,891.0","638,645.0","640,814.0","690,212.0","636,840.0","671,534.0","570,969.0","572,893.0","555,604.0","506,446.0","575,826.0","665,141.0","621,951.0","589,980.0","578,910.0","635,086.0","594,662.0","595,200.0","581,977.0","568,366.0","598,589.0","541,693.0","594,792.0","604,453.0","582,149.0","546,460.0","545,623.0","568,050.0","556,509.0","524,275.0","516,145.0","505,403.0","538,332.0","488,700.0","506,179.0","543,700.0","516,054.0","480,302.0","477,259.0","512,148.0","495,765.0","468,964.0","450,760.0","446,776.0","464,304.0","432,329.0","431,635.0","471,636.0","434,099.0","421,329.0","413,059.0","461,302.0","441,798.0","429,645.0","404,460.0","388,946.0","395,166.0","361,511.0","404,650.0","417,321.0","387,711.0","368,762.0","376,641.0","411,537.0","375,483.0","384,605.0","347,740.0","346,617.0","360,529.0","352,936.0","359,810.0","402,333.0","365,469.0","352,006.0","357,356.0","398,953.0","364,918.0","390,928.0","350,887.0","356,582.0","374,569.0","343,067.0","340,840.0","392,996.0","364,580.0","351,392.0","354,815.0","387,662.0","358,759.0","348,995.0","358,059.0","343,985.0","322,451.0","313,342.0","324,081.0","362,872.0","331,275.0","318,194.0","322,576.0","347,292.0","324,985.0","323,149.0","316,637.0","302,653.0","312,900.0","291,979.0","301,092.0","340,929.0","333,171.0","313,689.0","302,663.0","352,457.0","332,958.0","316,120.0","303,051.0","293,002.0","303,970.0","277,439.0","321,696.0","332,421.0","318,522.0","300,799.0","293,905.0","345,296.0","308,379.0","294,470.0","282,975.0","278,169.0","275,807.0","268,209.0","279,156.0","291,865.0","281,055.0","265,013.0","252,745.0","301,484.0","267,734.0","253,752.0","257,562.0","246,241.0","254,054.0","234,846.0","244,681.0"
  Passengers In Transit (Number),"4,609.0","3,028.0","2,863.0","2,297.0","2,094.0","2,216.0","2,724.0","1,878.0","1,463.0",250.0,94.0,99.0,173.0,391.0,17.0,30.0,60.0,305.0,55.0,128.0,"2,073.0","29,962.0","40,906.0","56,965.0","49,917.0","48,293.0","58,287.0","60,570.0","62,482.0","71,328.0","61,214.0","58,640.0","55,574.0","47,370.0","44,412.0","63,793.0","55,429.0","49,779.0","65,957.0","72,313.0","74,661.0","81,042.0","68,291.0","56,748.0","57,209.0","49,748.0","42,686.0","63,808.0","54,491.0","46,655.0","59,519.0","64,981.0","61,980.0","69,950.0","55,598.0","45,380.0","45,391.0","43,910.0","39,889.0","58,234.0","52,011.0","41,642.0","52,529.0","46,304.0","46,070.0","49,593.0","41,519.0","37,596.0","43,255.0","43,125.0","35,993.0","50,698.0","45,011.0","37,513.0","46,597.0","51,490.0","54,333.0","58,506.0","48,219.0","51,753.0","58,355.0","51,989.0","45,639.0","64,004.0","56,020.0","48,533.0","61,202.0","69,049.0","79,982.0","86,202.0","68,126.0","68,719.0","68,336.0","63,062.0","60,117.0","74,870.0","63,096.0","57,535.0","71,480.0","77,655.0","79,761.0","83,606.0","70,708.0","65,655.0","67,345.0","104,182.0","96,316.0","113,388.0","107,327.0","94,092.0","109,356.0","119,243.0","117,994.0","122,403.0","110,880.0","102,416.0","107,930.0","98,374.0","83,601.0","98,589.0","90,322.0","81,963.0","98,148.0","106,551.0","101,761.0","112,645.0","93,375.0","85,941.0","88,308.0","83,041.0","78,415.0","94,112.0","86,556.0","80,434.0","98,373.0","98,549.0","100,811.0","111,817.0","96,448.0","87,649.0","80,930.0","83,231.0","85,211.0","105,052.0","98,601.0","77,274.0","98,944.0","96,310.0","99,474.0","103,961.0","89,034.0","87,333.0","87,761.0","85,444.0","81,461.0","109,385.0","108,862.0","103,507.0","107,266.0","119,592.0","124,040.0","132,205.0","117,789.0","116,851.0","113,197.0","123,292.0","114,178.0","125,995.0","121,692.0","108,098.0","115,425.0","121,306.0","126,694.0","132,993.0","117,095.0","113,223.0","125,514.0","134,982.0","119,435.0","143,896.0","137,424.0","119,473.0","133,648.0","143,183.0","148,012.0","153,823.0","135,415.0","128,936.0","132,670.0","139,785.0","131,838.0","160,777.0","153,056.0","130,289.0","144,210.0","155,063.0","155,595.0","156,638.0","131,785.0","131,703.0","134,215.0","138,663.0","124,076.0","155,197.0","149,209.0","131,773.0","154,553.0","159,857.0","165,414.0","168,873.0","143,540.0","129,953.0","135,010.0","135,576.0","122,914.0","150,860.0","145,674.0","139,987.0","143,073.0","139,132.0","141,966.0","141,837.0","113,042.0","95,011.0","97,633.0","101,741.0","114,985.0","147,369.0","142,799.0","115,473.0","142,456.0","143,189.0","147,454.0","150,098.0","129,168.0","125,221.0","127,233.0","134,214.0","115,946.0","131,764.0","124,726.0","105,560.0","120,790.0","135,081.0","133,028.0","152,975.0","123,129.0","117,172.0","126,163.0","134,237.0","127,388.0","151,781.0","132,800.0","123,133.0","139,944.0","139,892.0","144,939.0","141,318.0","128,390.0","135,519.0","141,901.0","138,355.0","136,330.0","151,496.0","132,012.0","127,067.0","134,532.0","140,062.0","146,925.0","141,193.0","117,675.0","120,206.0","114,133.0","136,349.0","120,390.0","144,424.0","130,809.0","118,440.0","117,077.0","113,138.0","112,655.0","106,442.0","93,379.0","98,351.0","101,686.0","96,748.0","87,333.0","104,590.0","97,529.0","92,825.0","107,540.0","117,763.0","123,454.0","130,293.0","109,513.0","112,018.0","108,694.0","128,160.0","113,993.0","133,334.0","126,753.0","119,386.0","113,006.0","113,523.0","119,626.0","119,033.0","108,577.0","111,409.0","113,035.0","115,787.0","103,966.0","120,345.0","116,756.0","116,101.0","115,122.0","117,565.0","124,474.0","123,095.0","120,802.0","123,183.0","140,511.0","116,589.0","108,741.0","130,105.0","120,488.0","119,119.0","120,522.0","119,687.0","132,880.0","122,248.0","126,751.0","115,324.0","114,903.0","118,764.0","110,298.0","121,056.0","109,911.0","116,607.0","102,347.0","99,998.0","110,724.0","107,761.0","91,943.0","81,916.0","90,883.0","89,755.0","86,691.0","102,350.0","91,965.0","94,545.0","101,139.0","102,722.0","120,394.0","114,840.0","93,985.0","93,864.0","93,379.0","98,846.0","101,603.0","114,625.0","109,526.0","112,372.0","116,872.0","108,063.0","121,176.0","113,171.0","101,195.0","97,979.0","91,752.0","86,898.0","71,764.0","89,782.0","98,052.0","98,771.0","96,964.0","100,215.0","114,903.0","115,077.0","98,273.0","99,639.0","97,957.0","104,134.0","91,796.0","101,397.0","108,808.0","99,247.0","102,658.0","102,936.0","108,485.0","102,686.0","91,248.0","84,634.0","90,939.0","91,191.0","82,471.0","97,827.0","97,104.0","94,193.0","97,751.0","99,450.0","121,896.0","118,361.0","98,311.0","84,738.0","90,631.0","95,044.0","88,171.0","103,190.0","105,844.0","94,469.0","96,613.0","105,900.0","121,100.0","125,117.0","88,311.0","82,350.0","80,522.0","89,147.0","76,734.0","92,922.0","96,263.0","89,386.0","84,783.0","95,143.0","111,187.0","124,286.0","90,136.0","81,163.0","86,963.0","94,999.0","82,557.0","95,585.0","104,779.0","90,446.0","89,424.0","94,680.0","121,524.0","102,348.0","92,811.0","84,378.0","84,060.0","96,750.0","81,122.0","93,013.0","100,492.0","81,493.0","82,939.0","90,603.0","118,841.0","94,537.0","84,960.0","81,116.0","80,187.0","75,792.0","78,820.0","94,002.0","89,977.0","78,121.0","77,378.0","90,408.0","107,463.0","88,777.0","76,199.0","75,864.0","71,826.0","76,903.0","75,216.0","84,696.0","84,221.0","75,230.0","78,822.0","102,326.0","95,481.0","91,560.0","79,870.0","77,394.0","83,439.0","91,733.0","81,203.0","91,977.0","89,681.0","83,144.0","80,369.0","82,435.0","84,532.0","79,407.0","68,639.0","70,022.0","75,434.0","97,624.0","85,799.0","79,860.0","85,004.0","84,385.0","79,295.0","82,240.0","84,817.0","79,141.0","76,355.0","82,565.0","74,634.0","97,328.0","89,862.0","87,168.0"
Total Mail (Tonne),"1,910.0","1,719.0","1,961.0","1,895.0","1,945.0","2,059.0","1,856.0","1,901.0","2,068.0","2,335.0","1,729.0","2,054.0","2,363.0","2,289.0","1,927.0","1,915.0","2,500.0","3,054.0","2,496.0","1,633.0",931.0,"2,558.0","3,159.0","4,025.0","5,255.0","4,573.0","3,760.0","3,478.0","3,416.0","3,253.0","2,954.0","3,292.0","3,189.0","3,448.0","2,664.0","3,282.0","4,077.0","3,780.0","3,191.0","3,100.0","2,996.0","2,944.0","2,889.0","3,206.0","3,489.0","3,778.0","2,786.0","3,859.0","4,119.0","3,768.0","3,200.0","3,366.0","2,949.0","3,113.0","2,952.0","3,359.0","3,223.0","3,430.0","2,817.0","3,478.0","3,860.0","3,500.0","3,113.0","2,847.0","2,743.0","2,780.0","2,818.0","3,049.0","3,286.0","3,281.0","2,558.0","3,055.0","3,654.0","3,307.0","3,199.0","2,859.0","2,725.0","2,642.0","2,605.0","2,708.0","2,488.0","2,598.0","2,252.0","2,808.0","3,524.0","3,135.0","3,007.0","2,947.0","3,239.0","3,041.0","2,800.0","2,936.0","3,088.0","3,112.0","2,407.0","3,095.0","3,516.0","3,357.0","3,091.0","2,762.0","2,794.0","2,732.0","2,643.0","2,934.0","2,861.0","3,313.0","2,561.0","3,182.0","3,805.0","3,309.0","3,067.0","2,846.0","2,866.0","2,760.0","2,693.0","2,947.0","2,747.0","3,095.0","2,700.0","2,797.0","3,678.0","3,283.0","3,021.0","2,845.0","2,907.0","2,728.0","2,588.0","2,543.0","2,634.0","2,596.0","2,144.0","2,629.0","2,982.0","2,491.0","2,383.0","2,126.0","2,266.0","2,239.0","2,183.0","2,251.0","2,034.0","2,149.0","1,810.0","2,278.0","2,700.0","2,156.0","2,361.0","2,143.0","2,210.0","2,214.0","2,163.0","2,262.0","2,184.0","2,314.0","2,072.0","2,270.0","3,023.0","2,506.0","2,362.0","2,262.0","2,222.0","2,227.0","2,019.0","2,107.0","2,156.0","2,078.0","1,857.0","2,136.0","2,487.0","2,237.0","2,156.0","2,045.0","2,011.0","1,930.0","1,945.0","1,985.0","1,687.0","1,773.0","1,475.0","1,662.0","2,086.0","1,739.0","1,681.0","1,686.0","1,643.0","1,622.0","1,629.0","1,728.0","1,694.0","1,868.0","1,574.0","1,717.0","2,448.0","1,942.0","1,804.0","1,771.0","1,694.0","1,716.0","1,546.0","1,475.0","1,678.0","1,679.0","1,443.0","1,693.0","2,211.0","1,797.0","1,844.0","1,682.0","1,563.0","1,684.0","1,581.0","1,618.0","1,678.0","1,782.0","1,602.0","1,590.0","2,251.0","1,980.0","1,766.0","1,562.0","1,558.0","1,572.0","1,562.0","1,640.0","1,723.0","1,934.0","1,562.0","1,893.0","2,277.0","2,004.0","1,994.0","1,851.0","1,920.0","1,828.0","1,659.0","1,756.0","1,730.0","2,003.0","1,607.0","1,979.0","2,628.0","2,153.0","1,942.0","1,733.0","1,750.0","1,772.0","1,778.0","1,857.0","1,795.0","1,916.0","1,739.0","1,805.0","2,709.0","2,185.0","1,899.0","1,896.0","1,803.0","1,824.0","1,746.0","1,813.0","1,781.0","1,867.0","1,645.0","1,753.0","2,527.0","1,831.0","2,067.0","1,850.0","1,725.0","1,810.0","1,800.0","1,810.0","1,783.0","1,893.0","1,617.0","1,868.0","2,603.0","1,992.0","1,978.0","1,854.0","1,765.0","1,774.0","1,660.0","1,658.0","1,658.0","1,778.0","1,547.0","1,667.0","2,370.0","1,876.0","1,895.0","1,851.0","1,692.0","1,760.0","1,683.0","1,830.0","1,732.0","1,877.0","1,483.0","1,741.0","2,546.0","2,036.0","1,788.0","1,648.0","1,598.0","1,649.0","1,594.0","1,645.0","1,488.0","1,687.0","1,551.0","1,722.0","2,327.0","1,801.0","1,668.0","1,616.0","1,519.0","1,426.0","1,402.0","1,513.0","1,429.0","1,571.0","1,321.0","1,470.0","2,154.0","1,732.0","1,485.0","1,475.0","1,366.0","1,182.0","1,291.0","1,248.0","1,213.0","1,374.0","1,184.0","1,235.0","1,705.0","1,397.0","1,312.0","1,204.0","1,106.0","1,173.0","1,059.0","1,257.0","1,141.0","1,184.0","1,076.0","1,072.0","1,672.0","1,282.0","1,174.0",896.0,884.0,940.0,857.0,895.0,882.0,880.0,790.0,869.0,"1,113.0",723.0,685.0,813.0,814.0,829.0,831.0,875.0,831.0,839.0,690.0,670.0,"1,022.0",811.0,692.0,643.0,648.0,677.0,663.0,703.0,670.0,785.0,662.0,718.0,"1,101.0",856.0,834.0,773.0,750.0,737.0,755.0,790.0,799.0,773.0,671.0,764.0,"1,178.0",874.0,828.0,741.0,732.0,781.0,707.0,679.0,721.0,759.0,675.0,786.0,"1,044.0",836.0,811.0,742.0,756.0,820.0,756.0,828.0,807.0,780.0,678.0,701.0,"1,031.0",808.0,800.0,728.0,773.0,828.0,763.0,909.0,835.0,914.0,705.0,855.0,"1,119.0",918.0,881.0,832.0,882.0,845.0,827.0,942.0,844.0,837.0,762.0,763.0,997.0,831.0,786.0,723.0,750.0,762.0,758.0,749.0,724.0,770.0,650.0,786.0,"1,043.0",776.0,813.0,787.0,732.0,747.0,732.0,722.0,713.0,723.0,593.0,649.0,920.0,733.0,723.0,660.0,650.0,696.0,675.0,686.0,659.0,704.0,607.0,616.0,890.0,711.0,717.0,689.0,666.0,752.0,665.0,704.0,667.0,760.0,629.0,685.0,872.0,728.0,716.0,653.0,640.0,668.0,633.0,646.0,642.0,642.0,593.0,619.0
  In-Coming Mail (Tonne),725.0,688.0,771.0,706.0,696.0,815.0,695.0,665.0,706.0,814.0,628.0,699.0,853.0,674.0,707.0,640.0,614.0,642.0,637.0,431.0,227.0,757.0,"1,109.0","1,268.0","1,532.0","1,367.0","1,295.0","1,129.0","1,120.0","1,110.0","1,034.0","1,142.0","1,047.0","1,099.0",866.0,"1,038.0","1,300.0","1,233.0","1,031.0",988.0,"1,052.0","1,037.0",978.0,"1,545.0","1,093.0","1,211.0",989.0,"1,218.0","1,303.0","1,211.0","1,018.0","1,067.0","1,022.0","1,101.0","1,013.0","1,122.0","1,126.0","1,268.0","1,079.0","1,285.0","1,457.0","1,380.0","1,306.0","1,156.0","1,117.0","1,110.0","1,120.0","1,187.0","1,254.0","1,249.0",996.0,"1,569.0","1,446.0","1,328.0","1,337.0","1,258.0","1,213.0","1,177.0","1,140.0","1,184.0","1,096.0","1,113.0",975.0,"1,193.0","1,444.0","1,237.0","1,143.0","1,198.0","1,274.0","1,183.0","1,081.0","1,139.0","1,145.0","1,217.0",913.0,"1,194.0","1,263.0","1,235.0","1,230.0","1,153.0","1,178.0","1,174.0","1,126.0","1,234.0","1,224.0","1,393.0","1,133.0","1,429.0","1,699.0","1,445.0","1,406.0","1,312.0","1,281.0","1,262.0","1,163.0","1,283.0","1,233.0","1,318.0","1,172.0","1,216.0","1,642.0","1,452.0","1,345.0","1,226.0","1,267.0","1,143.0","1,077.0","1,083.0","1,083.0","1,054.0",928.0,"1,062.0","1,178.0","1,025.0",983.0,855.0,957.0,936.0,891.0,918.0,848.0,881.0,768.0,924.0,"1,087.0",926.0,994.0,929.0,988.0,"1,044.0","1,008.0","1,040.0",990.0,"1,073.0",956.0,"1,076.0","1,467.0","1,190.0","1,120.0","1,079.0","1,060.0","1,051.0",942.0,979.0,995.0,969.0,863.0,"1,006.0","1,227.0","1,069.0","1,019.0",983.0,976.0,917.0,917.0,891.0,748.0,741.0,621.0,692.0,903.0,734.0,743.0,736.0,720.0,711.0,711.0,742.0,746.0,786.0,658.0,731.0,"1,051.0",830.0,747.0,710.0,702.0,696.0,635.0,640.0,712.0,701.0,627.0,758.0,996.0,766.0,876.0,722.0,688.0,743.0,679.0,732.0,712.0,775.0,713.0,716.0,"1,019.0",868.0,785.0,715.0,740.0,746.0,741.0,784.0,806.0,870.0,735.0,896.0,"1,039.0",925.0,919.0,873.0,903.0,863.0,777.0,800.0,800.0,893.0,728.0,922.0,"1,210.0","1,051.0",924.0,826.0,840.0,833.0,844.0,884.0,840.0,883.0,801.0,829.0,"1,241.0","1,025.0",902.0,907.0,885.0,897.0,862.0,901.0,696.0,899.0,785.0,847.0,"1,203.0",950.0,957.0,885.0,837.0,867.0,885.0,882.0,855.0,914.0,779.0,872.0,"1,235.0",956.0,951.0,899.0,847.0,859.0,811.0,817.0,826.0,846.0,758.0,775.0,"1,154.0",937.0,930.0,998.0,798.0,867.0,811.0,886.0,844.0,987.0,750.0,851.0,"1,236.0",996.0,887.0,825.0,800.0,834.0,813.0,813.0,852.0,833.0,764.0,919.0,"1,124.0",883.0,829.0,786.0,756.0,775.0,708.0,773.0,722.0,772.0,653.0,739.0,"1,077.0",880.0,755.0,741.0,688.0,505.0,652.0,640.0,628.0,702.0,622.0,648.0,982.0,733.0,704.0,657.0,590.0,641.0,587.0,668.0,618.0,616.0,551.0,580.0,851.0,642.0,620.0,434.0,425.0,443.0,405.0,438.0,411.0,418.0,400.0,461.0,580.0,478.0,444.0,417.0,428.0,402.0,398.0,404.0,411.0,400.0,348.0,324.0,453.0,407.0,336.0,314.0,316.0,329.0,327.0,346.0,322.0,359.0,311.0,339.0,501.0,385.0,377.0,345.0,335.0,352.0,351.0,364.0,386.0,368.0,296.0,331.0,529.0,405.0,394.0,348.0,343.0,383.0,344.0,337.0,324.0,328.0,302.0,322.0,441.0,364.0,359.0,323.0,334.0,385.0,333.0,363.0,348.0,346.0,301.0,311.0,434.0,360.0,346.0,317.0,357.0,372.0,342.0,406.0,378.0,407.0,316.0,387.0,476.0,401.0,398.0,388.0,394.0,399.0,389.0,425.0,375.0,372.0,346.0,348.0,467.0,384.0,351.0,333.0,346.0,350.0,338.0,343.0,339.0,361.0,312.0,384.0,482.0,365.0,394.0,388.0,346.0,359.0,342.0,355.0,345.0,343.0,291.0,312.0,437.0,352.0,337.0,320.0,315.0,340.0,331.0,340.0,327.0,330.0,307.0,307.0,417.0,353.0,367.0,349.0,338.0,374.0,346.0,361.0,339.0,385.0,324.0,338.0,427.0,354.0,349.0,324.0,319.0,329.0,320.0,322.0,320.0,320.0,291.0,301.0
  Out-Going Mail (Tonne),"1,185.0","1,030.0","1,191.0","1,189.0","1,248.0","1,244.0","1,161.0","1,236.0","1,362.0","1,521.0","1,102.0","1,356.0","1,511.0","1,615.0","1,221.0","1,275.0","1,886.0","2,412.0","1,859.0","1,202.0",705.0,"1,802.0","2,050.0","2,756.0","3,723.0","3,207.0","2,464.0","2,349.0","2,297.0","2,143.0","1,919.0","2,150.0","2,143.0","2,348.0","1,798.0","2,245.0","2,777.0","2,547.0","2,160.0","2,112.0","1,944.0","1,907.0","1,911.0","1,661.0","2,396.0","2,567.0","1,797.0","2,641.0","2,816.0","2,557.0","2,182.0","2,299.0","1,927.0","2,012.0","1,939.0","2,237.0","2,097.0","2,162.0","1,738.0","2,193.0","2,403.0","2,120.0","1,807.0","1,691.0","1,626.0","1,670.0","1,698.0","1,862.0","2,032.0","2,032.0","1,562.0","1,486.0","2,208.0","1,979.0","1,862.0","1,601.0","1,512.0","1,465.0","1,465.0","1,524.0","1,392.0","1,485.0","1,277.0","1,615.0","2,080.0","1,898.0","1,864.0","1,749.0","1,965.0","1,858.0","1,719.0","1,797.0","1,943.0","1,895.0","1,494.0","1,901.0","2,253.0","2,122.0","1,861.0","1,609.0","1,616.0","1,558.0","1,517.0","1,700.0","1,637.0","1,920.0","1,428.0","1,753.0","2,106.0","1,864.0","1,661.0","1,534.0","1,585.0","1,498.0","1,530.0","1,664.0","1,514.0","1,777.0","1,528.0","1,581.0","2,036.0","1,831.0","1,676.0","1,619.0","1,640.0","1,585.0","1,511.0","1,460.0","1,551.0","1,542.0","1,216.0","1,567.0","1,804.0","1,466.0","1,400.0","1,271.0","1,309.0","1,303.0","1,292.0","1,333.0","1,186.0","1,268.0","1,042.0","1,354.0","1,613.0","1,230.0","1,367.0","1,214.0","1,222.0","1,170.0","1,155.0","1,222.0","1,194.0","1,241.0","1,116.0","1,194.0","1,556.0","1,316.0","1,242.0","1,183.0","1,162.0","1,176.0","1,077.0","1,128.0","1,161.0","1,109.0",994.0,"1,130.0","1,260.0","1,168.0","1,137.0","1,062.0","1,035.0","1,013.0","1,028.0","1,094.0",939.0,"1,032.0",854.0,970.0,"1,183.0","1,005.0",938.0,950.0,923.0,911.0,918.0,986.0,948.0,"1,082.0",916.0,986.0,"1,397.0","1,112.0","1,057.0","1,061.0",992.0,"1,020.0",911.0,835.0,966.0,978.0,816.0,935.0,"1,215.0","1,031.0",968.0,960.0,875.0,941.0,902.0,886.0,966.0,"1,007.0",889.0,874.0,"1,232.0","1,112.0",981.0,847.0,818.0,826.0,821.0,856.0,917.0,"1,064.0",827.0,997.0,"1,238.0","1,079.0","1,075.0",978.0,"1,017.0",965.0,882.0,956.0,930.0,"1,110.0",879.0,"1,057.0","1,418.0","1,102.0","1,018.0",907.0,910.0,939.0,934.0,973.0,955.0,"1,033.0",938.0,976.0,"1,468.0","1,160.0",997.0,989.0,918.0,927.0,884.0,912.0,"1,085.0",968.0,860.0,906.0,"1,324.0",881.0,"1,110.0",965.0,888.0,943.0,915.0,928.0,928.0,979.0,838.0,996.0,"1,368.0","1,036.0","1,027.0",955.0,918.0,915.0,849.0,841.0,832.0,932.0,789.0,892.0,"1,216.0",939.0,965.0,853.0,894.0,893.0,872.0,944.0,888.0,890.0,733.0,890.0,"1,310.0","1,040.0",901.0,823.0,798.0,815.0,781.0,832.0,636.0,854.0,787.0,803.0,"1,203.0",918.0,839.0,830.0,763.0,651.0,694.0,740.0,707.0,799.0,668.0,731.0,"1,077.0",852.0,730.0,734.0,678.0,677.0,639.0,608.0,585.0,672.0,562.0,587.0,723.0,664.0,608.0,547.0,516.0,532.0,472.0,589.0,523.0,568.0,525.0,492.0,821.0,640.0,554.0,462.0,459.0,497.0,452.0,457.0,471.0,462.0,390.0,408.0,533.0,245.0,241.0,396.0,386.0,427.0,433.0,471.0,420.0,439.0,342.0,346.0,569.0,404.0,356.0,329.0,332.0,348.0,336.0,357.0,348.0,426.0,351.0,379.0,600.0,471.0,457.0,428.0,415.0,385.0,404.0,426.0,413.0,405.0,375.0,433.0,649.0,469.0,434.0,393.0,389.0,398.0,363.0,342.0,397.0,431.0,373.0,464.0,603.0,472.0,452.0,419.0,422.0,435.0,423.0,465.0,459.0,434.0,377.0,390.0,597.0,448.0,454.0,411.0,416.0,456.0,421.0,503.0,457.0,507.0,389.0,468.0,643.0,517.0,483.0,444.0,488.0,446.0,438.0,517.0,469.0,465.0,416.0,415.0,530.0,447.0,435.0,390.0,404.0,412.0,420.0,406.0,385.0,409.0,338.0,402.0,561.0,411.0,419.0,399.0,386.0,388.0,390.0,367.0,368.0,380.0,302.0,337.0,483.0,381.0,386.0,340.0,335.0,356.0,344.0,346.0,332.0,374.0,300.0,309.0,473.0,358.0,350.0,340.0,328.0,378.0,319.0,343.0,328.0,375.0,305.0,347.0,445.0,374.0,367.0,329.0,321.0,339.0,313.0,324.0,322.0,322.0,302.0,318.0
,,,,,,,,,,,,,,,,,,,,,,,,,,,,,,,,,,,,,,,,,,,,,,,,,,,,,,,,,,,,,,,,,,,,,,,,,,,,,,,,,,,,,,,,,,,,,,,,,,,,,,,,,,,,,,,,,,,,,,,,,,,,,,,,,,,,,,,,,,,,,,,,,,,,,,,,,,,,,,,,,,,,,,,,,,,,,,,,,,,,,,,,,,,,,,,,,,,,,,,,,,,,,,,,,,,,,,,,,,,,,,,,,,,,,,,,,,,,,,,,,,,,,,,,,,,,,,,,,,,,,,,,,,,,,,,,,,,,,,,,,,,,,,,,,,,,,,,,,,,,,,,,,,,,,,,,,,,,,,,,,,,,,,,,,,,,,,,,,,,,,,,,,,,,,,,,,,,,,,,,,,,,,,,,,,,,,,,,,,,,,,,,,,,,,,,,,,,,,,,,,,,,,,,,,,,,,,,,,,,,,,,,,,,,,,,,,,,,,,,,,,,,,,,,,,,,,,,,,,,,,,,,,,,,,,,,,,,,,,,,,,,,,,,,,,,,,,,,,,,,,,,,
Footnotes:,,,,,,,,,,,,,,,,,,,,,,,,,,,,,,,,,,,,,,,,,,,,,,,,,,,,,,,,,,,,,,,,,,,,,,,,,,,,,,,,,,,,,,,,,,,,,,,,,,,,,,,,,,,,,,,,,,,,,,,,,,,,,,,,,,,,,,,,,,,,,,,,,,,,,,,,,,,,,,,,,,,,,,,,,,,,,,,,,,,,,,,,,,,,,,,,,,,,,,,,,,,,,,,,,,,,,,,,,,,,,,,,,,,,,,,,,,,,,,,,,,,,,,,,,,,,,,,,,,,,,,,,,,,,,,,,,,,,,,,,,,,,,,,,,,,,,,,,,,,,,,,,,,,,,,,,,,,,,,,,,,,,,,,,,,,,,,,,,,,,,,,,,,,,,,,,,,,,,,,,,,,,,,,,,,,,,,,,,,,,,,,,,,,,,,,,,,,,,,,,,,,,,,,,,,,,,,,,,,,,,,,,,,,,,,,,,,,,,,,,,,,,,,,,,,,,,,,,,,,,,,,,,,,,,,,,,,,,,,,,,,,,,,,,,,,,,,,,,,,,,,,,
Data from January 1989 refers to Changi Airport only.  Data covers all aircraft services.,,,,,,,,,,,,,,,,,,,,,,,,,,,,,,,,,,,,,,,,,,,,,,,,,,,,,,,,,,,,,,,,,,,,,,,,,,,,,,,,,,,,,,,,,,,,,,,,,,,,,,,,,,,,,,,,,,,,,,,,,,,,,,,,,,,,,,,,,,,,,,,,,,,,,,,,,,,,,,,,,,,,,,,,,,,,,,,,,,,,,,,,,,,,,,,,,,,,,,,,,,,,,,,,,,,,,,,,,,,,,,,,,,,,,,,,,,,,,,,,,,,,,,,,,,,,,,,,,,,,,,,,,,,,,,,,,,,,,,,,,,,,,,,,,,,,,,,,,,,,,,,,,,,,,,,,,,,,,,,,,,,,,,,,,,,,,,,,,,,,,,,,,,,,,,,,,,,,,,,,,,,,,,,,,,,,,,,,,,,,,,,,,,,,,,,,,,,,,,,,,,,,,,,,,,,,,,,,,,,,,,,,,,,,,,,,,,,,,,,,,,,,,,,,,,,,,,,,,,,,,,,,,,,,,,,,,,,,,,,,,,,,,,,,,,,,,,,,,,,,,,,,
Total Aircraft Arrivals And Departures - Aircraft Arrivals (Number):,,,,,,,,,,,,,,,,,,,,,,,,,,,,,,,,,,,,,,,,,,,,,,,,,,,,,,,,,,,,,,,,,,,,,,,,,,,,,,,,,,,,,,,,,,,,,,,,,,,,,,,,,,,,,,,,,,,,,,,,,,,,,,,,,,,,,,,,,,,,,,,,,,,,,,,,,,,,,,,,,,,,,,,,,,,,,,,,,,,,,,,,,,,,,,,,,,,,,,,,,,,,,,,,,,,,,,,,,,,,,,,,,,,,,,,,,,,,,,,,,,,,,,,,,,,,,,,,,,,,,,,,,,,,,,,,,,,,,,,,,,,,,,,,,,,,,,,,,,,,,,,,,,,,,,,,,,,,,,,,,,,,,,,,,,,,,,,,,,,,,,,,,,,,,,,,,,,,,,,,,,,,,,,,,,,,,,,,,,,,,,,,,,,,,,,,,,,,,,,,,,,,,,,,,,,,,,,,,,,,,,,,,,,,,,,,,,,,,,,,,,,,,,,,,,,,,,,,,,,,,,,,,,,,,,,,,,,,,,,,,,,,,,,,,,,,,,,,,,,,,,,,
Refers to commercial passenger and cargo aircraft arrivals.,,,,,,,,,,,,,,,,,,,,,,,,,,,,,,,,,,,,,,,,,,,,,,,,,,,,,,,,,,,,,,,,,,,,,,,,,,,,,,,,,,,,,,,,,,,,,,,,,,,,,,,,,,,,,,,,,,,,,,,,,,,,,,,,,,,,,,,,,,,,,,,,,,,,,,,,,,,,,,,,,,,,,,,,,,,,,,,,,,,,,,,,,,,,,,,,,,,,,,,,,,,,,,,,,,,,,,,,,,,,,,,,,,,,,,,,,,,,,,,,,,,,,,,,,,,,,,,,,,,,,,,,,,,,,,,,,,,,,,,,,,,,,,,,,,,,,,,,,,,,,,,,,,,,,,,,,,,,,,,,,,,,,,,,,,,,,,,,,,,,,,,,,,,,,,,,,,,,,,,,,,,,,,,,,,,,,,,,,,,,,,,,,,,,,,,,,,,,,,,,,,,,,,,,,,,,,,,,,,,,,,,,,,,,,,,,,,,,,,,,,,,,,,,,,,,,,,,,,,,,,,,,,,,,,,,,,,,,,,,,,,,,,,,,,,,,,,,,,,,,,,,,
Total Aircraft Arrivals And Departures - Aircraft Departures (Number):,,,,,,,,,,,,,,,,,,,,,,,,,,,,,,,,,,,,,,,,,,,,,,,,,,,,,,,,,,,,,,,,,,,,,,,,,,,,,,,,,,,,,,,,,,,,,,,,,,,,,,,,,,,,,,,,,,,,,,,,,,,,,,,,,,,,,,,,,,,,,,,,,,,,,,,,,,,,,,,,,,,,,,,,,,,,,,,,,,,,,,,,,,,,,,,,,,,,,,,,,,,,,,,,,,,,,,,,,,,,,,,,,,,,,,,,,,,,,,,,,,,,,,,,,,,,,,,,,,,,,,,,,,,,,,,,,,,,,,,,,,,,,,,,,,,,,,,,,,,,,,,,,,,,,,,,,,,,,,,,,,,,,,,,,,,,,,,,,,,,,,,,,,,,,,,,,,,,,,,,,,,,,,,,,,,,,,,,,,,,,,,,,,,,,,,,,,,,,,,,,,,,,,,,,,,,,,,,,,,,,,,,,,,,,,,,,,,,,,,,,,,,,,,,,,,,,,,,,,,,,,,,,,,,,,,,,,,,,,,,,,,,,,,,,,,,,,,,,,,,,,,,
Refers to commercial passenger and cargo aircraft departures.,,,,,,,,,,,,,,,,,,,,,,,,,,,,,,,,,,,,,,,,,,,,,,,,,,,,,,,,,,,,,,,,,,,,,,,,,,,,,,,,,,,,,,,,,,,,,,,,,,,,,,,,,,,,,,,,,,,,,,,,,,,,,,,,,,,,,,,,,,,,,,,,,,,,,,,,,,,,,,,,,,,,,,,,,,,,,,,,,,,,,,,,,,,,,,,,,,,,,,,,,,,,,,,,,,,,,,,,,,,,,,,,,,,,,,,,,,,,,,,,,,,,,,,,,,,,,,,,,,,,,,,,,,,,,,,,,,,,,,,,,,,,,,,,,,,,,,,,,,,,,,,,,,,,,,,,,,,,,,,,,,,,,,,,,,,,,,,,,,,,,,,,,,,,,,,,,,,,,,,,,,,,,,,,,,,,,,,,,,,,,,,,,,,,,,,,,,,,,,,,,,,,,,,,,,,,,,,,,,,,,,,,,,,,,,,,,,,,,,,,,,,,,,,,,,,,,,,,,,,,,,,,,,,,,,,,,,,,,,,,,,,,,,,,,,,,,,,,,,,,,,,,
Total Passengers (Number):,,,,,,,,,,,,,,,,,,,,,,,,,,,,,,,,,,,,,,,,,,,,,,,,,,,,,,,,,,,,,,,,,,,,,,,,,,,,,,,,,,,,,,,,,,,,,,,,,,,,,,,,,,,,,,,,,,,,,,,,,,,,,,,,,,,,,,,,,,,,,,,,,,,,,,,,,,,,,,,,,,,,,,,,,,,,,,,,,,,,,,,,,,,,,,,,,,,,,,,,,,,,,,,,,,,,,,,,,,,,,,,,,,,,,,,,,,,,,,,,,,,,,,,,,,,,,,,,,,,,,,,,,,,,,,,,,,,,,,,,,,,,,,,,,,,,,,,,,,,,,,,,,,,,,,,,,,,,,,,,,,,,,,,,,,,,,,,,,,,,,,,,,,,,,,,,,,,,,,,,,,,,,,,,,,,,,,,,,,,,,,,,,,,,,,,,,,,,,,,,,,,,,,,,,,,,,,,,,,,,,,,,,,,,,,,,,,,,,,,,,,,,,,,,,,,,,,,,,,,,,,,,,,,,,,,,,,,,,,,,,,,,,,,,,,,,,,,,,,,,,,,,
"Refer to arriving, departing and in transit passengers.",,,,,,,,,,,,,,,,,,,,,,,,,,,,,,,,,,,,,,,,,,,,,,,,,,,,,,,,,,,,,,,,,,,,,,,,,,,,,,,,,,,,,,,,,,,,,,,,,,,,,,,,,,,,,,,,,,,,,,,,,,,,,,,,,,,,,,,,,,,,,,,,,,,,,,,,,,,,,,,,,,,,,,,,,,,,,,,,,,,,,,,,,,,,,,,,,,,,,,,,,,,,,,,,,,,,,,,,,,,,,,,,,,,,,,,,,,,,,,,,,,,,,,,,,,,,,,,,,,,,,,,,,,,,,,,,,,,,,,,,,,,,,,,,,,,,,,,,,,,,,,,,,,,,,,,,,,,,,,,,,,,,,,,,,,,,,,,,,,,,,,,,,,,,,,,,,,,,,,,,,,,,,,,,,,,,,,,,,,,,,,,,,,,,,,,,,,,,,,,,,,,,,,,,,,,,,,,,,,,,,,,,,,,,,,,,,,,,,,,,,,,,,,,,,,,,,,,,,,,,,,,,,,,,,,,,,,,,,,,,,,,,,,,,,,,,,,,,,,,,,,,,
Total Passengers - Passengers In Transit (Number):,,,,,,,,,,,,,,,,,,,,,,,,,,,,,,,,,,,,,,,,,,,,,,,,,,,,,,,,,,,,,,,,,,,,,,,,,,,,,,,,,,,,,,,,,,,,,,,,,,,,,,,,,,,,,,,,,,,,,,,,,,,,,,,,,,,,,,,,,,,,,,,,,,,,,,,,,,,,,,,,,,,,,,,,,,,,,,,,,,,,,,,,,,,,,,,,,,,,,,,,,,,,,,,,,,,,,,,,,,,,,,,,,,,,,,,,,,,,,,,,,,,,,,,,,,,,,,,,,,,,,,,,,,,,,,,,,,,,,,,,,,,,,,,,,,,,,,,,,,,,,,,,,,,,,,,,,,,,,,,,,,,,,,,,,,,,,,,,,,,,,,,,,,,,,,,,,,,,,,,,,,,,,,,,,,,,,,,,,,,,,,,,,,,,,,,,,,,,,,,,,,,,,,,,,,,,,,,,,,,,,,,,,,,,,,,,,,,,,,,,,,,,,,,,,,,,,,,,,,,,,,,,,,,,,,,,,,,,,,,,,,,,,,,,,,,,,,,,,,,,,,,,
"Refers to passengers who arrived and departed on the same aircraft with the same flight number within 24 hours of scheduled time of arrival, to a country other than the country from which they embarked.",,,,,,,,,,,,,,,,,,,,,,,,,,,,,,,,,,,,,,,,,,,,,,,,,,,,,,,,,,,,,,,,,,,,,,,,,,,,,,,,,,,,,,,,,,,,,,,,,,,,,,,,,,,,,,,,,,,,,,,,,,,,,,,,,,,,,,,,,,,,,,,,,,,,,,,,,,,,,,,,,,,,,,,,,,,,,,,,,,,,,,,,,,,,,,,,,,,,,,,,,,,,,,,,,,,,,,,,,,,,,,,,,,,,,,,,,,,,,,,,,,,,,,,,,,,,,,,,,,,,,,,,,,,,,,,,,,,,,,,,,,,,,,,,,,,,,,,,,,,,,,,,,,,,,,,,,,,,,,,,,,,,,,,,,,,,,,,,,,,,,,,,,,,,,,,,,,,,,,,,,,,,,,,,,,,,,,,,,,,,,,,,,,,,,,,,,,,,,,,,,,,,,,,,,,,,,,,,,,,,,,,,,,,,,,,,,,,,,,,,,,,,,,,,,,,,,,,,,,,,,,,,,,,,,,,,,,,,,,,,,,,,,,,,,,,,,,,,,,,,,,,,
Total Mail (Tonne):,,,,,,,,,,,,,,,,,,,,,,,,,,,,,,,,,,,,,,,,,,,,,,,,,,,,,,,,,,,,,,,,,,,,,,,,,,,,,,,,,,,,,,,,,,,,,,,,,,,,,,,,,,,,,,,,,,,,,,,,,,,,,,,,,,,,,,,,,,,,,,,,,,,,,,,,,,,,,,,,,,,,,,,,,,,,,,,,,,,,,,,,,,,,,,,,,,,,,,,,,,,,,,,,,,,,,,,,,,,,,,,,,,,,,,,,,,,,,,,,,,,,,,,,,,,,,,,,,,,,,,,,,,,,,,,,,,,,,,,,,,,,,,,,,,,,,,,,,,,,,,,,,,,,,,,,,,,,,,,,,,,,,,,,,,,,,,,,,,,,,,,,,,,,,,,,,,,,,,,,,,,,,,,,,,,,,,,,,,,,,,,,,,,,,,,,,,,,,,,,,,,,,,,,,,,,,,,,,,,,,,,,,,,,,,,,,,,,,,,,,,,,,,,,,,,,,,,,,,,,,,,,,,,,,,,,,,,,,,,,,,,,,,,,,,,,,,,,,,,,,,,,
Mail tonnage consist of parcels and letters as declared by airlines.,,,,,,,,,,,,,,,,,,,,,,,,,,,,,,,,,,,,,,,,,,,,,,,,,,,,,,,,,,,,,,,,,,,,,,,,,,,,,,,,,,,,,,,,,,,,,,,,,,,,,,,,,,,,,,,,,,,,,,,,,,,,,,,,,,,,,,,,,,,,,,,,,,,,,,,,,,,,,,,,,,,,,,,,,,,,,,,,,,,,,,,,,,,,,,,,,,,,,,,,,,,,,,,,,,,,,,,,,,,,,,,,,,,,,,,,,,,,,,,,,,,,,,,,,,,,,,,,,,,,,,,,,,,,,,,,,,,,,,,,,,,,,,,,,,,,,,,,,,,,,,,,,,,,,,,,,,,,,,,,,,,,,,,,,,,,,,,,,,,,,,,,,,,,,,,,,,,,,,,,,,,,,,,,,,,,,,,,,,,,,,,,,,,,,,,,,,,,,,,,,,,,,,,,,,,,,,,,,,,,,,,,,,,,,,,,,,,,,,,,,,,,,,,,,,,,,,,,,,,,,,,,,,,,,,,,,,,,,,,,,,,,,,,,,,,,,,,,,,,,,,,,
Total Mail - In-Coming Mail (Tonne):,,,,,,,,,,,,,,,,,,,,,,,,,,,,,,,,,,,,,,,,,,,,,,,,,,,,,,,,,,,,,,,,,,,,,,,,,,,,,,,,,,,,,,,,,,,,,,,,,,,,,,,,,,,,,,,,,,,,,,,,,,,,,,,,,,,,,,,,,,,,,,,,,,,,,,,,,,,,,,,,,,,,,,,,,,,,,,,,,,,,,,,,,,,,,,,,,,,,,,,,,,,,,,,,,,,,,,,,,,,,,,,,,,,,,,,,,,,,,,,,,,,,,,,,,,,,,,,,,,,,,,,,,,,,,,,,,,,,,,,,,,,,,,,,,,,,,,,,,,,,,,,,,,,,,,,,,,,,,,,,,,,,,,,,,,,,,,,,,,,,,,,,,,,,,,,,,,,,,,,,,,,,,,,,,,,,,,,,,,,,,,,,,,,,,,,,,,,,,,,,,,,,,,,,,,,,,,,,,,,,,,,,,,,,,,,,,,,,,,,,,,,,,,,,,,,,,,,,,,,,,,,,,,,,,,,,,,,,,,,,,,,,,,,,,,,,,,,,,,,,,,,,
Mail tonnage consist of parcels and letters as declared by airlines.,,,,,,,,,,,,,,,,,,,,,,,,,,,,,,,,,,,,,,,,,,,,,,,,,,,,,,,,,,,,,,,,,,,,,,,,,,,,,,,,,,,,,,,,,,,,,,,,,,,,,,,,,,,,,,,,,,,,,,,,,,,,,,,,,,,,,,,,,,,,,,,,,,,,,,,,,,,,,,,,,,,,,,,,,,,,,,,,,,,,,,,,,,,,,,,,,,,,,,,,,,,,,,,,,,,,,,,,,,,,,,,,,,,,,,,,,,,,,,,,,,,,,,,,,,,,,,,,,,,,,,,,,,,,,,,,,,,,,,,,,,,,,,,,,,,,,,,,,,,,,,,,,,,,,,,,,,,,,,,,,,,,,,,,,,,,,,,,,,,,,,,,,,,,,,,,,,,,,,,,,,,,,,,,,,,,,,,,,,,,,,,,,,,,,,,,,,,,,,,,,,,,,,,,,,,,,,,,,,,,,,,,,,,,,,,,,,,,,,,,,,,,,,,,,,,,,,,,,,,,,,,,,,,,,,,,,,,,,,,,,,,,,,,,,,,,,,,,,,,,,,,,
Total Mail - Out-Going Mail (Tonne):,,,,,,,,,,,,,,,,,,,,,,,,,,,,,,,,,,,,,,,,,,,,,,,,,,,,,,,,,,,,,,,,,,,,,,,,,,,,,,,,,,,,,,,,,,,,,,,,,,,,,,,,,,,,,,,,,,,,,,,,,,,,,,,,,,,,,,,,,,,,,,,,,,,,,,,,,,,,,,,,,,,,,,,,,,,,,,,,,,,,,,,,,,,,,,,,,,,,,,,,,,,,,,,,,,,,,,,,,,,,,,,,,,,,,,,,,,,,,,,,,,,,,,,,,,,,,,,,,,,,,,,,,,,,,,,,,,,,,,,,,,,,,,,,,,,,,,,,,,,,,,,,,,,,,,,,,,,,,,,,,,,,,,,,,,,,,,,,,,,,,,,,,,,,,,,,,,,,,,,,,,,,,,,,,,,,,,,,,,,,,,,,,,,,,,,,,,,,,,,,,,,,,,,,,,,,,,,,,,,,,,,,,,,,,,,,,,,,,,,,,,,,,,,,,,,,,,,,,,,,,,,,,,,,,,,,,,,,,,,,,,,,,,,,,,,,,,,,,,,,,,,,
Mail tonnage consist of parcels and letters as declared by airlines.,,,,,,,,,,,,,,,,,,,,,,,,,,,,,,,,,,,,,,,,,,,,,,,,,,,,,,,,,,,,,,,,,,,,,,,,,,,,,,,,,,,,,,,,,,,,,,,,,,,,,,,,,,,,,,,,,,,,,,,,,,,,,,,,,,,,,,,,,,,,,,,,,,,,,,,,,,,,,,,,,,,,,,,,,,,,,,,,,,,,,,,,,,,,,,,,,,,,,,,,,,,,,,,,,,,,,,,,,,,,,,,,,,,,,,,,,,,,,,,,,,,,,,,,,,,,,,,,,,,,,,,,,,,,,,,,,,,,,,,,,,,,,,,,,,,,,,,,,,,,,,,,,,,,,,,,,,,,,,,,,,,,,,,,,,,,,,,,,,,,,,,,,,,,,,,,,,,,,,,,,,,,,,,,,,,,,,,,,,,,,,,,,,,,,,,,,,,,,,,,,,,,,,,,,,,,,,,,,,,,,,,,,,,,,,,,,,,,,,,,,,,,,,,,,,,,,,,,,,,,,,,,,,,,,,,,,,,,,,,,,,,,,,,,,,,,,,,,,,,,,,,,
,,,,,,,,,,,,,,,,,,,,,,,,,,,,,,,,,,,,,,,,,,,,,,,,,,,,,,,,,,,,,,,,,,,,,,,,,,,,,,,,,,,,,,,,,,,,,,,,,,,,,,,,,,,,,,,,,,,,,,,,,,,,,,,,,,,,,,,,,,,,,,,,,,,,,,,,,,,,,,,,,,,,,,,,,,,,,,,,,,,,,,,,,,,,,,,,,,,,,,,,,,,,,,,,,,,,,,,,,,,,,,,,,,,,,,,,,,,,,,,,,,,,,,,,,,,,,,,,,,,,,,,,,,,,,,,,,,,,,,,,,,,,,,,,,,,,,,,,,,,,,,,,,,,,,,,,,,,,,,,,,,,,,,,,,,,,,,,,,,,,,,,,,,,,,,,,,,,,,,,,,,,,,,,,,,,,,,,,,,,,,,,,,,,,,,,,,,,,,,,,,,,,,,,,,,,,,,,,,,,,,,,,,,,,,,,,,,,,,,,,,,,,,,,,,,,,,,,,,,,,,,,,,,,,,,,,,,,,,,,,,,,,,,,,,,,,,,,,,,,,,,,,
Notation:,,,,,,,,,,,,,,,,,,,,,,,,,,,,,,,,,,,,,,,,,,,,,,,,,,,,,,,,,,,,,,,,,,,,,,,,,,,,,,,,,,,,,,,,,,,,,,,,,,,,,,,,,,,,,,,,,,,,,,,,,,,,,,,,,,,,,,,,,,,,,,,,,,,,,,,,,,,,,,,,,,,,,,,,,,,,,,,,,,,,,,,,,,,,,,,,,,,,,,,,,,,,,,,,,,,,,,,,,,,,,,,,,,,,,,,,,,,,,,,,,,,,,,,,,,,,,,,,,,,,,,,,,,,,,,,,,,,,,,,,,,,,,,,,,,,,,,,,,,,,,,,,,,,,,,,,,,,,,,,,,,,,,,,,,,,,,,,,,,,,,,,,,,,,,,,,,,,,,,,,,,,,,,,,,,,,,,,,,,,,,,,,,,,,,,,,,,,,,,,,,,,,,,,,,,,,,,,,,,,,,,,,,,,,,,,,,,,,,,,,,,,,,,,,,,,,,,,,,,,,,,,,,,,,,,,,,,,,,,,,,,,,,,,,,,,,,,,,,,,,,,,,
na  not available or not applicablenec  not elsewhere classifiednes  not elsewhere specified-    nil or negligible or not significant,,,,,,,,,,,,,,,,,,,,,,,,,,,,,,,,,,,,,,,,,,,,,,,,,,,,,,,,,,,,,,,,,,,,,,,,,,,,,,,,,,,,,,,,,,,,,,,,,,,,,,,,,,,,,,,,,,,,,,,,,,,,,,,,,,,,,,,,,,,,,,,,,,,,,,,,,,,,,,,,,,,,,,,,,,,,,,,,,,,,,,,,,,,,,,,,,,,,,,,,,,,,,,,,,,,,,,,,,,,,,,,,,,,,,,,,,,,,,,,,,,,,,,,,,,,,,,,,,,,,,,,,,,,,,,,,,,,,,,,,,,,,,,,,,,,,,,,,,,,,,,,,,,,,,,,,,,,,,,,,,,,,,,,,,,,,,,,,,,,,,,,,,,,,,,,,,,,,,,,,,,,,,,,,,,,,,,,,,,,,,,,,,,,,,,,,,,,,,,,,,,,,,,,,,,,,,,,,,,,,,,,,,,,,,,,,,,,,,,,,,,,,,,,,,,,,,,,,,,,,,,,,,,,,,,,,,,,,,,,,,,,,,,,,,,,,,,,,,,,,,,,,
"NotesNumbers may not add up to the totals due to rounding.Data are the latest available at the time of access or download. Some statistics, particularly those for the most recent time periods, are provisional and may be subject to revision at a later date.",,,,,,,,,,,,,,,,,,,,,,,,,,,,,,,,,,,,,,,,,,,,,,,,,,,,,,,,,,,,,,,,,,,,,,,,,,,,,,,,,,,,,,,,,,,,,,,,,,,,,,,,,,,,,,,,,,,,,,,,,,,,,,,,,,,,,,,,,,,,,,,,,,,,,,,,,,,,,,,,,,,,,,,,,,,,,,,,,,,,,,,,,,,,,,,,,,,,,,,,,,,,,,,,,,,,,,,,,,,,,,,,,,,,,,,,,,,,,,,,,,,,,,,,,,,,,,,,,,,,,,,,,,,,,,,,,,,,,,,,,,,,,,,,,,,,,,,,,,,,,,,,,,,,,,,,,,,,,,,,,,,,,,,,,,,,,,,,,,,,,,,,,,,,,,,,,,,,,,,,,,,,,,,,,,,,,,,,,,,,,,,,,,,,,,,,,,,,,,,,,,,,,,,,,,,,,,,,,,,,,,,,,,,,,,,,,,,,,,,,,,,,,,,,,,,,,,,,,,,,,,,,,,,,,,,,,,,,,,,,,,,,,,,,,,,,,,,,,,,,,,,,
Values are shown in Singapore dollars (unless otherwise specified),,,,,,,,,,,,,,,,,,,,,,,,,,,,,,,,,,,,,,,,,,,,,,,,,,,,,,,,,,,,,,,,,,,,,,,,,,,,,,,,,,,,,,,,,,,,,,,,,,,,,,,,,,,,,,,,,,,,,,,,,,,,,,,,,,,,,,,,,,,,,,,,,,,,,,,,,,,,,,,,,,,,,,,,,,,,,,,,,,,,,,,,,,,,,,,,,,,,,,,,,,,,,,,,,,,,,,,,,,,,,,,,,,,,,,,,,,,,,,,,,,,,,,,,,,,,,,,,,,,,,,,,,,,,,,,,,,,,,,,,,,,,,,,,,,,,,,,,,,,,,,,,,,,,,,,,,,,,,,,,,,,,,,,,,,,,,,,,,,,,,,,,,,,,,,,,,,,,,,,,,,,,,,,,,,,,,,,,,,,,,,,,,,,,,,,,,,,,,,,,,,,,,,,,,,,,,,,,,,,,,,,,,,,,,,,,,,,,,,,,,,,,,,,,,,,,,,,,,,,,,,,,,,,,,,,,,,,,,,,,,,,,,,,,,,,,,,,,,,,,,,,,
,,,,,,,,,,,,,,,,,,,,,,,,,,,,,,,,,,,,,,,,,,,,,,,,,,,,,,,,,,,,,,,,,,,,,,,,,,,,,,,,,,,,,,,,,,,,,,,,,,,,,,,,,,,,,,,,,,,,,,,,,,,,,,,,,,,,,,,,,,,,,,,,,,,,,,,,,,,,,,,,,,,,,,,,,,,,,,,,,,,,,,,,,,,,,,,,,,,,,,,,,,,,,,,,,,,,,,,,,,,,,,,,,,,,,,,,,,,,,,,,,,,,,,,,,,,,,,,,,,,,,,,,,,,,,,,,,,,,,,,,,,,,,,,,,,,,,,,,,,,,,,,,,,,,,,,,,,,,,,,,,,,,,,,,,,,,,,,,,,,,,,,,,,,,,,,,,,,,,,,,,,,,,,,,,,,,,,,,,,,,,,,,,,,,,,,,,,,,,,,,,,,,,,,,,,,,,,,,,,,,,,,,,,,,,,,,,,,,,,,,,,,,,,,,,,,,,,,,,,,,,,,,,,,,,,,,,,,,,,,,,,,,,,,,,,,,,,,,,,,,,,,,
Generated by: SingStat Table Builder,,,,,,,,,,,,,,,,,,,,,,,,,,,,,,,,,,,,,,,,,,,,,,,,,,,,,,,,,,,,,,,,,,,,,,,,,,,,,,,,,,,,,,,,,,,,,,,,,,,,,,,,,,,,,,,,,,,,,,,,,,,,,,,,,,,,,,,,,,,,,,,,,,,,,,,,,,,,,,,,,,,,,,,,,,,,,,,,,,,,,,,,,,,,,,,,,,,,,,,,,,,,,,,,,,,,,,,,,,,,,,,,,,,,,,,,,,,,,,,,,,,,,,,,,,,,,,,,,,,,,,,,,,,,,,,,,,,,,,,,,,,,,,,,,,,,,,,,,,,,,,,,,,,,,,,,,,,,,,,,,,,,,,,,,,,,,,,,,,,,,,,,,,,,,,,,,,,,,,,,,,,,,,,,,,,,,,,,,,,,,,,,,,,,,,,,,,,,,,,,,,,,,,,,,,,,,,,,,,,,,,,,,,,,,,,,,,,,,,,,,,,,,,,,,,,,,,,,,,,,,,,,,,,,,,,,,,,,,,,,,,,,,,,,,,,,,,,,,,,,,,,,
Date generated: 11/02/2022,,,,,,,,,,,,,,,,,,,,,,,,,,,,,,,,,,,,,,,,,,,,,,,,,,,,,,,,,,,,,,,,,,,,,,,,,,,,,,,,,,,,,,,,,,,,,,,,,,,,,,,,,,,,,,,,,,,,,,,,,,,,,,,,,,,,,,,,,,,,,,,,,,,,,,,,,,,,,,,,,,,,,,,,,,,,,,,,,,,,,,,,,,,,,,,,,,,,,,,,,,,,,,,,,,,,,,,,,,,,,,,,,,,,,,,,,,,,,,,,,,,,,,,,,,,,,,,,,,,,,,,,,,,,,,,,,,,,,,,,,,,,,,,,,,,,,,,,,,,,,,,,,,,,,,,,,,,,,,,,,,,,,,,,,,,,,,,,,,,,,,,,,,,,,,,,,,,,,,,,,,,,,,,,,,,,,,,,,,,,,,,,,,,,,,,,,,,,,,,,,,,,,,,,,,,,,,,,,,,,,,,,,,,,,,,,,,,,,,,,,,,,,,,,,,,,,,,,,,,,,,,,,,,,,,,,,,,,,,,,,,,,,,,,,,,,,,,,,,,,,,,,
Contact: info@singstat.gov.sg,,,,,,,,,,,,,,,,,,,,,,,,,,,,,,,,,,,,,,,,,,,,,,,,,,,,,,,,,,,,,,,,,,,,,,,,,,,,,,,,,,,,,,,,,,,,,,,,,,,,,,,,,,,,,,,,,,,,,,,,,,,,,,,,,,,,,,,,,,,,,,,,,,,,,,,,,,,,,,,,,,,,,,,,,,,,,,,,,,,,,,,,,,,,,,,,,,,,,,,,,,,,,,,,,,,,,,,,,,,,,,,,,,,,,,,,,,,,,,,,,,,,,,,,,,,,,,,,,,,,,,,,,,,,,,,,,,,,,,,,,,,,,,,,,,,,,,,,,,,,,,,,,,,,,,,,,,,,,,,,,,,,,,,,,,,,,,,,,,,,,,,,,,,,,,,,,,,,,,,,,,,,,,,,,,,,,,,,,,,,,,,,,,,,,,,,,,,,,,,,,,,,,,,,,,,,,,,,,,,,,,,,,,,,,,,,,,,,,,,,,,,,,,,,,,,,,,,,,,,,,,,,,,,,,,,,,,,,,,,,,,,,,,,,,,,,,,,,,,,,,,,,