,,,,,,,,,,,,,,,,,,,,,,,,,,,,,,,,,,,,,,,,,,,,,,,,,,,,,,,,,,,,,,,,,,,,,,,,,,,,,,,,,,,,,,,,,,,,,,,,,,,,,,,,,,,,,,,,,,,,,,,,,,,,,,,,,,,,,,,,,,,,,,,,,,,,,,,,,,,,,,,,,,,,,,,,,,,,,,,,,,,,,,,,,,,,,,,,,,,,,,,,,,,,,,,,,,,,,,,,,,,,,,,,,,,,,,,,,,,,,,,,,,,,,,,,,,,,,,,,,,,,,,,,,,,,,,,,,,,,,,,,,,,,,,,,,,,,,,,,,,,,,,,,,,,,,,,,,,,,,,,,,,,,
Theme: Industry,,,,,,,,,,,,,,,,,,,,,,,,,,,,,,,,,,,,,,,,,,,,,,,,,,,,,,,,,,,,,,,,,,,,,,,,,,,,,,,,,,,,,,,,,,,,,,,,,,,,,,,,,,,,,,,,,,,,,,,,,,,,,,,,,,,,,,,,,,,,,,,,,,,,,,,,,,,,,,,,,,,,,,,,,,,,,,,,,,,,,,,,,,,,,,,,,,,,,,,,,,,,,,,,,,,,,,,,,,,,,,,,,,,,,,,,,,,,,,,,,,,,,,,,,,,,,,,,,,,,,,,,,,,,,,,,,,,,,,,,,,,,,,,,,,,,,,,,,,,,,,,,,,,,,,,,,,,,,,,,,,,,
Subject: Transport,,,,,,,,,,,,,,,,,,,,,,,,,,,,,,,,,,,,,,,,,,,,,,,,,,,,,,,,,,,,,,,,,,,,,,,,,,,,,,,,,,,,,,,,,,,,,,,,,,,,,,,,,,,,,,,,,,,,,,,,,,,,,,,,,,,,,,,,,,,,,,,,,,,,,,,,,,,,,,,,,,,,,,,,,,,,,,,,,,,,,,,,,,,,,,,,,,,,,,,,,,,,,,,,,,,,,,,,,,,,,,,,,,,,,,,,,,,,,,,,,,,,,,,,,,,,,,,,,,,,,,,,,,,,,,,,,,,,,,,,,,,,,,,,,,,,,,,,,,,,,,,,,,,,,,,,,,,,,,,,,,,,
Topic: Sea Transport,,,,,,,,,,,,,,,,,,,,,,,,,,,,,,,,,,,,,,,,,,,,,,,,,,,,,,,,,,,,,,,,,,,,,,,,,,,,,,,,,,,,,,,,,,,,,,,,,,,,,,,,,,,,,,,,,,,,,,,,,,,,,,,,,,,,,,,,,,,,,,,,,,,,,,,,,,,,,,,,,,,,,,,,,,,,,,,,,,,,,,,,,,,,,,,,,,,,,,,,,,,,,,,,,,,,,,,,,,,,,,,,,,,,,,,,,,,,,,,,,,,,,,,,,,,,,,,,,,,,,,,,,,,,,,,,,,,,,,,,,,,,,,,,,,,,,,,,,,,,,,,,,,,,,,,,,,,,,,,,,,,,
"Table Title: Sea Cargo And Shipping Statistics, Monthly",,,,,,,,,,,,,,,,,,,,,,,,,,,,,,,,,,,,,,,,,,,,,,,,,,,,,,,,,,,,,,,,,,,,,,,,,,,,,,,,,,,,,,,,,,,,,,,,,,,,,,,,,,,,,,,,,,,,,,,,,,,,,,,,,,,,,,,,,,,,,,,,,,,,,,,,,,,,,,,,,,,,,,,,,,,,,,,,,,,,,,,,,,,,,,,,,,,,,,,,,,,,,,,,,,,,,,,,,,,,,,,,,,,,,,,,,,,,,,,,,,,,,,,,,,,,,,,,,,,,,,,,,,,,,,,,,,,,,,,,,,,,,,,,,,,,,,,,,,,,,,,,,,,,,,,,,,,,,,,,,,,,
,,,,,,,,,,,,,,,,,,,,,,,,,,,,,,,,,,,,,,,,,,,,,,,,,,,,,,,,,,,,,,,,,,,,,,,,,,,,,,,,,,,,,,,,,,,,,,,,,,,,,,,,,,,,,,,,,,,,,,,,,,,,,,,,,,,,,,,,,,,,,,,,,,,,,,,,,,,,,,,,,,,,,,,,,,,,,,,,,,,,,,,,,,,,,,,,,,,,,,,,,,,,,,,,,,,,,,,,,,,,,,,,,,,,,,,,,,,,,,,,,,,,,,,,,,,,,,,,,,,,,,,,,,,,,,,,,,,,,,,,,,,,,,,,,,,,,,,,,,,,,,,,,,,,,,,,,,,,,,,,,,,,
Data last updated: 18/01/2022,,,,,,,,,,,,,,,,,,,,,,,,,,,,,,,,,,,,,,,,,,,,,,,,,,,,,,,,,,,,,,,,,,,,,,,,,,,,,,,,,,,,,,,,,,,,,,,,,,,,,,,,,,,,,,,,,,,,,,,,,,,,,,,,,,,,,,,,,,,,,,,,,,,,,,,,,,,,,,,,,,,,,,,,,,,,,,,,,,,,,,,,,,,,,,,,,,,,,,,,,,,,,,,,,,,,,,,,,,,,,,,,,,,,,,,,,,,,,,,,,,,,,,,,,,,,,,,,,,,,,,,,,,,,,,,,,,,,,,,,,,,,,,,,,,,,,,,,,,,,,,,,,,,,,,,,,,,,,,,,,,,,
Source: MARITIME AND PORT AUTHORITY OF SINGAPORE,,,,,,,,,,,,,,,,,,,,,,,,,,,,,,,,,,,,,,,,,,,,,,,,,,,,,,,,,,,,,,,,,,,,,,,,,,,,,,,,,,,,,,,,,,,,,,,,,,,,,,,,,,,,,,,,,,,,,,,,,,,,,,,,,,,,,,,,,,,,,,,,,,,,,,,,,,,,,,,,,,,,,,,,,,,,,,,,,,,,,,,,,,,,,,,,,,,,,,,,,,,,,,,,,,,,,,,,,,,,,,,,,,,,,,,,,,,,,,,,,,,,,,,,,,,,,,,,,,,,,,,,,,,,,,,,,,,,,,,,,,,,,,,,,,,,,,,,,,,,,,,,,,,,,,,,,,,,,,,,,,,,
,,,,,,,,,,,,,,,,,,,,,,,,,,,,,,,,,,,,,,,,,,,,,,,,,,,,,,,,,,,,,,,,,,,,,,,,,,,,,,,,,,,,,,,,,,,,,,,,,,,,,,,,,,,,,,,,,,,,,,,,,,,,,,,,,,,,,,,,,,,,,,,,,,,,,,,,,,,,,,,,,,,,,,,,,,,,,,,,,,,,,,,,,,,,,,,,,,,,,,,,,,,,,,,,,,,,,,,,,,,,,,,,,,,,,,,,,,,,,,,,,,,,,,,,,,,,,,,,,,,,,,,,,,,,,,,,,,,,,,,,,,,,,,,,,,,,,,,,,,,,,,,,,,,,,,,,,,,,,,,,,,,,
Data Series,2021 Dec,2021 Nov,2021 Oct,2021 Sep,2021 Aug,2021 Jul,2021 Jun,2021 May,2021 Apr,2021 Mar,2021 Feb,2021 Jan,2020 Dec,2020 Nov,2020 Oct,2020 Sep,2020 Aug,2020 Jul,2020 Jun,2020 May,2020 Apr,2020 Mar,2020 Feb,2020 Jan,2019 Dec,2019 Nov,2019 Oct,2019 Sep,2019 Aug,2019 Jul,2019 Jun,2019 May,2019 Apr,2019 Mar,2019 Feb,2019 Jan,2018 Dec,2018 Nov,2018 Oct,2018 Sep,2018 Aug,2018 Jul,2018 Jun,2018 May,2018 Apr,2018 Mar,2018 Feb,2018 Jan,2017 Dec,2017 Nov,2017 Oct,2017 Sep,2017 Aug,2017 Jul,2017 Jun,2017 May,2017 Apr,2017 Mar,2017 Feb,2017 Jan,2016 Dec,2016 Nov,2016 Oct,2016 Sep,2016 Aug,2016 Jul,2016 Jun,2016 May,2016 Apr,2016 Mar,2016 Feb,2016 Jan,2015 Dec,2015 Nov,2015 Oct,2015 Sep,2015 Aug,2015 Jul,2015 Jun,2015 May,2015 Apr,2015 Mar,2015 Feb,2015 Jan,2014 Dec,2014 Nov,2014 Oct,2014 Sep,2014 Aug,2014 Jul,2014 Jun,2014 May,2014 Apr,2014 Mar,2014 Feb,2014 Jan,2013 Dec,2013 Nov,2013 Oct,2013 Sep,2013 Aug,2013 Jul,2013 Jun,2013 May,2013 Apr,2013 Mar,2013 Feb,2013 Jan,2012 Dec,2012 Nov,2012 Oct,2012 Sep,2012 Aug,2012 Jul,2012 Jun,2012 May,2012 Apr,2012 Mar,2012 Feb,2012 Jan,2011 Dec,2011 Nov,2011 Oct,2011 Sep,2011 Aug,2011 Jul,2011 Jun,2011 May,2011 Apr,2011 Mar,2011 Feb,2011 Jan,2010 Dec,2010 Nov,2010 Oct,2010 Sep,2010 Aug,2010 Jul,2010 Jun,2010 May,2010 Apr,2010 Mar,2010 Feb,2010 Jan,2009 Dec,2009 Nov,2009 Oct,2009 Sep,2009 Aug,2009 Jul,2009 Jun,2009 May,2009 Apr,2009 Mar,2009 Feb,2009 Jan,2008 Dec,2008 Nov,2008 Oct,2008 Sep,2008 Aug,2008 Jul,2008 Jun,2008 May,2008 Apr,2008 Mar,2008 Feb,2008 Jan,2007 Dec,2007 Nov,2007 Oct,2007 Sep,2007 Aug,2007 Jul,2007 Jun,2007 May,2007 Apr,2007 Mar,2007 Feb,2007 Jan,2006 Dec,2006 Nov,2006 Oct,2006 Sep,2006 Aug,2006 Jul,2006 Jun,2006 May,2006 Apr,2006 Mar,2006 Feb,2006 Jan,2005 Dec,2005 Nov,2005 Oct,2005 Sep,2005 Aug,2005 Jul,2005 Jun,2005 May,2005 Apr,2005 Mar,2005 Feb,2005 Jan,2004 Dec,2004 Nov,2004 Oct,2004 Sep,2004 Aug,2004 Jul,2004 Jun,2004 May,2004 Apr,2004 Mar,2004 Feb,2004 Jan,2003 Dec,2003 Nov,2003 Oct,2003 Sep,2003 Aug,2003 Jul,2003 Jun,2003 May,2003 Apr,2003 Mar,2003 Feb,2003 Jan,2002 Dec,2002 Nov,2002 Oct,2002 Sep,2002 Aug,2002 Jul,2002 Jun,2002 May,2002 Apr,2002 Mar,2002 Feb,2002 Jan,2001 Dec,2001 Nov,2001 Oct,2001 Sep,2001 Aug,2001 Jul,2001 Jun,2001 May,2001 Apr,2001 Mar,2001 Feb,2001 Jan,2000 Dec,2000 Nov,2000 Oct,2000 Sep,2000 Aug,2000 Jul,2000 Jun,2000 May,2000 Apr,2000 Mar,2000 Feb,2000 Jan,1999 Dec,1999 Nov,1999 Oct,1999 Sep,1999 Aug,1999 Jul,1999 Jun,1999 May,1999 Apr,1999 Mar,1999 Feb,1999 Jan,1998 Dec,1998 Nov,1998 Oct,1998 Sep,1998 Aug,1998 Jul,1998 Jun,1998 May,1998 Apr,1998 Mar,1998 Feb,1998 Jan,1997 Dec,1997 Nov,1997 Oct,1997 Sep,1997 Aug,1997 Jul,1997 Jun,1997 May,1997 Apr,1997 Mar,1997 Feb,1997 Jan,1996 Dec,1996 Nov,1996 Oct,1996 Sep,1996 Aug,1996 Jul,1996 Jun,1996 May,1996 Apr,1996 Mar,1996 Feb,1996 Jan,1995 Dec,1995 Nov,1995 Oct,1995 Sep,1995 Aug,1995 Jul,1995 Jun,1995 May,1995 Apr,1995 Mar,1995 Feb,1995 Jan
Vessel Arrivals (Number),"7,286.0","7,130.0","7,098.0","6,918.0","7,178.0","7,246.0","7,247.0","7,211.0","7,500.0","7,788.0","6,990.0","7,641.0","7,479.0","7,347.0","7,502.0","7,255.0","6,958.0","7,178.0","6,701.0","6,582.0","7,015.0","9,827.0","10,879.0","12,134.0","12,148.0","11,743.0","12,026.0","11,547.0","11,739.0","11,554.0","11,138.0","11,697.0","11,243.0","11,509.0","10,275.0","11,678.0","11,723.0","11,187.0","11,629.0","11,367.0","11,389.0","11,605.0","11,192.0","12,225.0","12,133.0","12,546.0","11,130.0","12,642.0","12,806.0","12,347.0","12,549.0","11,619.0","11,916.0","11,811.0","12,275.0","12,655.0","12,260.0","12,318.0","10,666.0","11,925.0","12,131.0","11,713.0","11,928.0","11,437.0","11,708.0","11,322.0","11,454.0","11,708.0","11,530.0","11,789.0","10,621.0","11,657.0","11,428.0","11,046.0","11,144.0","11,045.0","11,536.0","11,295.0","10,960.0","11,021.0","10,762.0","11,126.0","10,240.0","11,319.0","11,188.0","10,766.0","11,281.0","10,818.0","11,091.0","11,172.0","11,227.0","11,589.0","11,432.0","11,886.0","10,679.0","11,754.0","11,912.0","11,667.0","11,975.0","11,716.0","11,921.0","11,992.0","11,565.0","11,803.0","11,360.0","11,579.0","10,363.0","11,564.0","11,275.0","10,906.0","10,959.0","10,768.0","10,825.0","11,099.0","10,790.0","11,218.0","10,669.0","11,050.0","10,120.0","10,743.0","11,035.0","10,519.0","11,069.0","10,432.0","10,827.0","11,148.0","10,468.0","10,680.0","10,401.0","10,994.0","9,488.0","10,937.0","11,004.0","10,307.0","10,546.0","10,200.0","10,645.0","10,891.0","10,598.0","10,706.0","10,431.0","10,997.0","9,981.0","10,993.0","10,993.0","10,502.0","11,163.0","10,799.0","11,261.0","11,438.0","11,029.0","11,187.0","10,698.0","11,056.0","9,889.0","10,560.0","11,037.0","10,741.0","10,897.0","10,760.0","11,201.0","11,378.0","10,879.0","11,429.0","11,149.0","11,123.0","10,043.0","11,058.0","11,009.0","10,783.0","11,083.0","10,986.0","11,146.0","11,070.0","10,585.0","10,631.0","10,252.0","10,501.0","9,604.0","10,918.0","10,854.0","10,661.0","10,743.0","10,955.0","10,952.0","10,858.0","10,857.0","10,952.0","10,563.0","11,200.0","9,791.0","10,536.0","10,749.0","10,263.0","10,922.0","10,498.0","10,878.0","10,826.0","10,764.0","11,260.0","11,044.0","11,345.0","10,025.0","11,744.0","11,710.0","11,018.0","10,950.0","10,933.0","11,028.0","11,287.0","10,764.0","10,975.0","10,466.0","11,882.0","10,724.0","11,448.0","11,733.0","11,342.0","11,502.0","11,098.0","11,284.0","11,317.0","10,755.0","10,837.0","11,108.0","11,860.0","10,478.0","12,072.0","11,911.0","11,976.0","12,369.0","11,878.0","12,178.0","12,458.0","11,719.0","12,089.0","11,631.0","12,115.0","10,512.0","11,910.0","11,915.0","11,871.0","12,454.0","12,055.0","12,696.0","12,912.0","12,048.0","12,561.0","11,862.0","12,574.0","11,131.0","12,186.0","12,408.0","12,106.0","12,504.0","11,937.0","12,368.0","12,612.0","12,425.0","12,395.0","12,004.0","12,296.0","10,894.0","11,434.0","11,564.0","11,176.0","11,776.0","11,639.0","12,059.0","12,341.0","11,750.0","12,033.0","11,822.0","12,393.0","10,743.0","12,227.0","12,451.0","12,088.0","12,078.0","11,904.0","12,030.0","11,915.0","11,702.0","11,909.0","11,095.0","11,640.0","10,631.0","11,479.0","11,758.0","11,075.0","11,481.0","11,317.0","11,169.0","11,334.0","10,730.0","10,861.0","10,332.0","10,605.0","8,945.0","10,726.0","10,294.0","10,083.0","10,218.0","9,840.0","9,888.0","10,046.0","9,635.0","9,836.0","9,633.0","9,971.0","8,687.0","9,592.0","9,519.0","8,788.0","9,140.0","8,582.0","8,498.0","8,669.0","8,507.0","8,749.0","8,483.0","8,610.0","7,593.0","8,876.0"
Vessel Arrivals - Shipping Tonnage (Thousand Gross Tonnes),"229,815.0","230,995.0","230,042.0","221,138.0","226,135.0","229,192.0","231,444.0","238,117.0","239,955.0","245,082.0","236,521.0","255,333.0","245,140.0","246,268.0","243,803.0","240,460.0","244,007.0","252,005.0","227,328.0","223,323.0","230,354.0","251,388.0","234,656.0","263,883.0","258,664.0","244,544.0","250,282.0","244,462.0","236,774.0","238,851.0","227,457.0","235,454.0","226,032.0","229,405.0","214,560.0","248,250.0","235,007.0","228,495.0","233,085.0","230,533.0","222,035.0","226,025.0","226,588.0","236,607.0","241,009.0","238,689.0","224,248.0","249,644.0","244,686.0","236,194.0","234,494.0","231,419.0","234,390.0","232,045.0","235,488.0","243,798.0","229,465.0","234,467.0","207,820.0","235,319.0","219,799.0","221,312.0","220,083.0","212,087.0","227,741.0","222,867.0","222,676.0","230,316.0","225,145.0","227,513.0","204,271.0","228,885.0","223,666.0","209,419.0","210,770.0","208,558.0","225,302.0","210,949.0","202,295.0","208,615.0","205,747.0","200,481.0","189,636.0","208,716.0","192,789.0","202,041.0","195,484.0","196,684.0","199,676.0","201,325.0","189,039.0","202,037.0","193,720.0","203,364.0","180,201.0","214,748.0","197,315.0","196,356.0","196,541.0","195,353.0","198,932.0","204,455.0","189,871.0","199,605.0","189,406.0","186,302.0","175,318.0","196,667.0","186,978.0","189,932.0","189,815.0","182,714.0","189,373.0","191,730.0","186,391.0","197,794.0","186,795.0","191,940.0","171,077.0","189,814.0","188,169.0","176,605.0","188,049.0","171,645.0","181,694.0","177,244.0","170,444.0","177,335.0","169,981.0","181,780.0","159,536.0","177,800.0","166,803.0","163,734.0","168,714.0","160,710.0","160,404.0","166,139.0","160,281.0","160,764.0","153,626.0","158,543.0","145,450.0","154,240.0","152,197.0","146,713.0","155,932.0","150,254.0","153,545.0","154,009.0","143,912.0","159,584.0","145,084.0","152,495.0","127,944.0","143,001.0","139,165.0","134,174.0","133,280.0","134,321.0","141,464.0","135,435.0","129,099.0","139,235.0","140,166.0","138,681.0","122,406.0","133,639.0","126,294.0","122,889.0","126,949.0","126,752.0","124,276.0","125,429.0","122,170.0","120,524.0","117,951.0","121,907.0","107,251.0","116,828.0","114,281.0","110,184.0","110,675.0","110,819.0","115,589.0","109,693.0","110,808.0","113,660.0","106,111.0","109,127.0","97,914.0","106,128.0","100,331.0","97,604.0","102,079.0","95,312.0","101,966.0","96,521.0","95,610.0","96,558.0","93,756.0","94,532.0","82,602.0","94,921.0","90,569.0","90,055.0","88,376.0","89,413.0","87,568.0","88,465.0","84,301.0","86,620.0","85,315.0","87,601.0","78,550.0","85,613.0","83,778.0","80,152.0","81,053.0","81,299.0","84,578.0","82,115.0","82,241.0","81,544.0","82,549.0","86,087.0","76,666.0","84,330.0","82,726.0","81,265.0","82,295.0","77,540.0","80,025.0","84,009.0","80,570.0","83,278.0","83,302.0","83,814.0","72,197.0","80,725.0","84,679.0","82,403.0","86,959.0","81,410.0","82,116.0","81,576.0","78,941.0","79,461.0","76,961.0","78,792.0","67,571.0","79,224.0","75,754.0","73,453.0","80,766.0","75,658.0","76,848.0","78,893.0","74,873.0","78,392.0","76,678.0","73,167.0","69,437.0","76,261.0","73,581.0","70,150.0","75,110.0","72,681.0","72,860.0","73,503.0","71,145.0","75,977.0","73,570.0","75,934.0","65,346.0","77,270.0","74,733.0","69,784.0","73,017.0","70,952.0","71,495.0","73,530.0","70,458.0","72,884.0","67,126.0","70,675.0","67,629.0","75,372.0","72,166.0","65,784.0","72,515.0","66,702.0","69,370.0","70,502.0","66,251.0","68,991.0","66,139.0","64,323.0","58,576.0","66,987.0","64,617.0","63,469.0","63,443.0","63,964.0","64,188.0","64,756.0","63,610.0","65,486.0","63,417.0","67,917.0","61,216.0","62,435.0","64,022.0","58,842.0","60,324.0","58,361.0","60,099.0","61,311.0","55,360.0","61,696.0","59,352.0","58,441.0","53,787.0","58,979.0"
Total Cargo (Thousand Tonnes),"48,127.7","52,087.5","48,764.4","48,263.5","49,773.4","50,446.9","48,768.8","51,385.1","50,261.3","52,683.4","47,445.2","51,042.0","49,976.5","49,760.1","50,058.5","49,197.3","50,448.1","48,752.1","48,163.7","44,620.5","47,611.1","53,344.5","47,761.1","51,044.7","53,177.9","52,378.8","52,557.7","49,785.2","51,066.4","52,124.6","53,341.0","55,848.5","54,329.1","52,019.7","47,962.1","51,930.0","54,278.8","51,785.3","53,547.0","50,349.8","54,838.2","52,268.8","51,768.1","53,372.1","51,969.9","53,776.6","48,984.1","53,186.5","54,458.9","53,120.2","53,877.1","52,833.2","52,963.5","50,115.5","50,979.4","53,920.1","52,937.0","53,068.3","48,370.1","51,044.8","52,635.6","50,101.4","49,769.2","47,875.8","49,625.1","48,110.3","49,019.3","52,727.6","51,300.9","49,494.7","46,718.7","45,918.0","46,276.5","45,171.3","47,232.6","46,474.3","49,042.9","49,972.5","48,248.3","48,533.8","49,117.9","49,873.4","46,021.4","49,881.1","50,477.6","45,674.0","48,892.9","49,281.1","49,716.2","47,329.0","48,149.3","50,534.3","49,432.7","51,450.4","42,919.1","47,411.4","48,065.3","47,916.3","50,268.5","46,298.3","48,765.3","49,700.6","46,946.2","50,999.9","46,426.9","43,779.9","38,312.0","43,408.5","43,509.1","44,964.0","44,993.4","44,792.6","44,291.7","43,821.0","46,243.7","46,734.5","44,219.2","48,623.7","40,963.4","44,855.7","42,526.1","43,038.5","44,155.2","42,308.6","46,280.0","45,338.4","45,665.1","44,975.1","49,585.0","44,948.9","39,113.8","43,240.8","43,755.7","42,119.1","41,743.5","39,048.0","42,657.8","43,035.3","42,564.5","41,188.4","43,045.2","43,825.5","37,963.4","42,395.7","41,129.8","40,179.9","41,378.4","37,834.5","40,461.4","39,810.6","38,027.3","39,974.8","40,207.5","39,279.1","35,249.6","38,767.2","35,513.7","40,142.5","40,886.3","41,932.6","42,388.8","46,417.4","44,132.5","45,893.7","46,604.8","46,800.2","40,388.7","44,314.1","43,069.8","39,871.3","41,916.4","40,191.3","40,231.7","41,426.9","40,672.5","39,753.2","40,394.6","42,405.2","35,288.4","38,394.8","38,665.7","37,111.3","37,211.7","38,242.8","39,758.2","39,043.1","37,824.8","38,856.9","36,306.5","37,937.2","32,483.7","35,061.8","36,669.2","33,929.9","35,922.5","33,036.6","35,956.8","36,617.9","36,613.7","36,755.1","34,202.7","37,092.2","29,914.2","36,556.9","36,336.5","32,711.0","33,234.6","33,399.9","33,888.7","34,463.5","33,540.5","32,313.3","32,763.9","33,339.4","27,040.8","30,385.6","30,537.0","29,684.2","30,827.7","28,688.3","28,743.2","29,415.9","29,041.4","29,772.0","27,803.7","28,183.6","25,999.4","28,997.8","28,960.4","26,288.5","28,353.9","26,665.7","28,494.5","29,716.3","28,628.7","27,326.2","29,221.3","28,476.4","24,656.0","28,368.1","26,848.2","26,715.7","26,029.2","26,373.8","28,675.1","27,816.9","26,732.4","25,108.7","25,703.6","26,284.0","23,216.9","23,982.5","27,046.2","26,969.8","28,254.5","26,762.9","26,634.3","27,483.0","27,421.3","28,445.0","27,994.4","26,703.2","26,040.7","25,835.9","28,901.3","26,928.9","27,517.3","27,786.6","25,882.1","26,709.0","25,838.2","27,988.7","28,537.5","28,807.1","23,957.9","27,047.6","28,284.0","26,627.1","25,810.2","25,306.2","26,452.3","26,381.0","26,268.2","26,646.8","25,574.0","27,685.4","22,358.2","24,928.7","26,885.1","25,827.5","27,912.7","27,697.2","26,756.7","28,400.1","28,220.2","30,382.9","28,391.1","27,979.1","23,303.6","25,750.6","26,747.0","25,827.1","26,048.1","26,650.7","26,035.3","27,257.2","26,356.6","26,302.3","26,945.7","26,446.1","23,739.6","25,808.4","26,333.8","25,243.8","26,111.1","25,154.0","27,226.2","25,975.9","25,318.3","25,824.3","25,076.7","25,394.0","22,954.8","24,871.1"
  Cargo (General) (Thousand Tonnes),"33,320.3","32,336.2","30,971.8","30,896.3","32,069.3","32,357.1","31,798.5","33,275.0","31,936.4","33,725.3","30,217.3","32,413.3","33,296.3","32,195.8","32,670.8","31,731.3","32,165.5","30,393.2","29,261.3","27,737.9","30,340.3","34,576.7","29,848.2","32,152.9","33,526.3","33,828.2","32,972.3","31,748.3","32,944.5","33,889.4","31,278.5","32,880.1","32,229.6","34,306.7","28,500.2","31,331.4","33,304.0","31,884.6","32,493.5","31,679.9","33,273.5","33,846.0","32,891.7","34,345.3","32,134.5","34,172.3","29,635.3","32,084.5","32,328.7","31,919.5","31,270.2","31,003.0","32,433.6","31,700.5","31,425.9","33,454.9","32,614.2","31,876.8","27,186.3","28,832.2","30,497.3","29,204.5","28,606.0","29,226.4","30,194.4","28,864.2","29,771.1","30,628.2","29,478.4","29,909.1","27,784.3","29,079.5","29,768.8","28,276.3","29,489.3","28,623.5","30,161.1","30,049.1","30,474.2","31,128.5","31,211.2","32,028.0","29,045.1","31,603.4","33,278.5","32,303.7","32,992.9","32,584.2","32,364.1","33,497.7","32,029.8","32,952.3","32,252.8","33,141.0","26,912.2","30,109.1","31,426.9","30,434.2","31,488.7","30,458.8","31,394.0","33,179.0","30,958.3","32,674.0","30,353.8","30,789.5","24,855.4","27,103.7","29,212.9","29,219.2","29,757.1","29,636.4","28,961.3","30,136.7","30,823.6","30,867.1","29,912.1","30,436.8","26,831.3","27,747.0","28,969.6","27,445.5","29,389.5","26,628.4","28,974.9","29,366.8","28,401.7","28,574.3","27,935.4","28,734.2","23,644.7","27,445.7","26,335.4","26,366.5","26,284.4","24,123.5","26,657.3","27,818.1","26,562.5","27,190.9","26,176.6","26,962.5","23,867.6","25,337.9","25,088.9","25,009.3","25,398.3","23,501.5","24,939.2","24,947.0","22,738.8","22,794.1","22,625.9","23,729.7","19,326.2","20,250.0","22,602.5","24,346.1","27,224.4","28,110.1","29,702.4","30,741.0","29,274.2","30,704.9","29,376.9","29,773.5","26,387.3","28,181.2","28,433.2","26,705.8","26,855.7","25,842.9","27,402.3","27,728.0","25,978.4","26,625.4","25,654.7","26,214.9","23,424.9","24,051.3","24,817.0","23,849.3","23,995.7","23,859.1","25,204.4","23,780.5","23,216.3","23,736.7","23,186.3","23,729.8","19,784.8","22,233.5","22,237.3","21,292.0","22,592.3","21,640.7","22,889.7","22,602.5","22,735.9","22,538.1","21,606.9","22,908.3","18,580.4","20,641.1","21,667.0","19,944.0","20,768.1","20,450.0","21,141.7","21,366.5","21,049.6","20,213.9","19,678.3","19,980.7","16,676.4","17,945.3","18,495.3","17,658.3","18,257.4","17,209.2","17,827.2","17,915.7","17,720.9","16,889.2","16,387.5","17,680.8","14,793.7","15,612.3","16,022.5","15,857.2","16,329.7","16,531.0","17,174.5","17,762.3","16,900.6","17,372.5","16,962.9","17,186.8","14,798.9","15,621.6","15,545.9","15,497.3","16,292.4","15,531.7","16,062.6","16,448.3","15,804.3","15,408.8","15,430.0","16,317.4","13,824.9","13,912.1","15,434.0","16,028.1","17,108.2","16,221.0","17,314.7","17,189.6","16,835.2","17,153.4","17,107.2","17,788.8","16,018.0","15,378.6","17,300.4","16,307.2","16,525.5","16,002.0","16,711.7","16,220.0","15,518.1","15,968.9","14,955.5","15,448.0","13,347.7","14,248.6","15,198.0","15,013.3","14,832.2","14,867.0","15,031.7","14,570.1","14,735.9","14,567.4","13,722.0","14,900.5","11,995.4","13,534.9","15,471.4","15,322.0","16,310.1","15,815.6","15,967.4","16,179.8","15,733.7","15,921.5","15,489.8","15,847.0","12,765.9","14,734.7","15,155.3","14,716.8","15,268.1","14,685.5","14,917.0","15,399.1","14,517.8","14,370.4","14,501.2","14,368.2","12,879.5","14,304.4","14,929.7","13,955.9","14,857.2","13,922.0","14,893.0","14,522.0","14,131.3","14,375.2","14,141.2","14,176.4","12,275.1","13,565.7"
  Cargo (Bulk) (Thousand Tonnes),"14,807.3","19,751.3","17,792.6","17,367.2","17,704.1","18,089.8","16,970.3","18,110.1","18,324.9","18,958.0","17,227.9","18,628.7","16,680.2","17,564.3","17,387.8","17,465.9","18,282.6","18,358.9","18,902.4","16,882.6","17,270.7","18,767.8","17,912.9","18,891.8","19,651.7","18,550.6","19,585.4","18,036.9","18,121.9","18,235.2","22,062.6","22,968.4","22,099.5","17,712.9","19,461.9","20,598.6","20,974.8","19,900.6","21,053.5","18,669.9","21,564.8","18,422.7","18,876.3","19,026.8","19,835.5","19,604.2","19,348.8","21,102.1","22,130.2","21,200.8","22,606.9","21,830.2","20,529.9","18,415.0","19,553.5","20,465.2","20,322.8","21,191.5","21,183.8","22,212.6","22,138.3","20,896.9","21,163.1","18,649.4","19,430.8","19,246.1","19,248.2","22,099.4","21,822.5","19,585.6","18,934.4","16,838.6","16,507.7","16,895.0","17,743.3","17,850.8","18,881.8","19,923.3","17,774.1","17,405.4","17,906.7","17,845.3","16,976.3","18,277.6","17,199.1","13,370.2","15,899.9","16,696.9","17,352.1","13,831.3","16,119.5","17,582.0","17,179.9","18,309.4","16,006.9","17,302.3","16,638.4","17,482.1","18,779.8","15,839.5","17,371.3","16,521.6","15,987.9","18,325.9","16,073.2","12,990.4","13,456.7","16,304.9","14,296.2","15,744.8","15,236.3","15,156.2","15,330.4","13,684.3","15,420.1","15,867.4","14,307.1","18,186.9","14,132.2","17,108.7","13,556.5","15,593.0","14,765.8","15,680.2","17,305.1","15,971.7","17,263.5","16,400.8","21,649.6","16,214.7","15,469.2","15,795.1","17,420.4","15,752.7","15,459.1","14,924.4","16,000.5","15,217.2","16,002.0","13,997.6","16,868.6","16,863.0","14,095.8","17,057.7","16,040.9","15,170.6","15,980.1","14,333.0","15,522.2","14,863.7","15,288.5","17,180.8","17,581.6","15,549.4","15,923.4","18,517.2","12,911.2","15,796.4","13,661.8","13,822.5","12,686.4","15,676.4","14,858.2","15,188.8","17,227.9","17,026.7","14,001.4","16,132.9","14,636.6","13,165.5","15,060.7","14,348.3","12,829.4","13,698.9","14,694.2","13,127.8","14,740.0","16,190.3","11,863.6","14,343.5","13,848.7","13,262.1","13,216.0","14,383.7","14,553.9","15,262.5","14,608.5","15,120.3","13,120.3","14,207.4","12,699.0","12,828.4","14,431.9","12,638.0","13,330.2","11,395.9","13,067.1","14,015.4","13,877.9","14,216.9","12,595.8","14,183.9","11,333.8","15,915.8","14,669.5","12,766.9","12,466.5","12,949.9","12,747.0","13,097.0","12,490.9","12,099.5","13,085.6","13,358.7","10,364.4","12,440.3","12,041.7","12,025.9","12,570.3","11,479.1","10,915.9","11,500.2","11,320.5","12,882.8","11,416.2","10,502.7","11,205.7","13,385.5","12,937.9","10,431.2","12,024.1","10,134.7","11,320.0","11,954.0","11,728.1","9,953.7","12,258.4","11,289.6","9,857.1","12,746.5","11,302.3","11,218.3","9,736.7","10,842.1","12,612.6","11,368.6","10,928.1","9,699.9","10,273.7","9,966.5","9,392.0","10,070.4","11,612.1","10,941.6","11,146.3","10,541.9","9,319.6","10,293.4","10,586.1","11,291.6","10,887.2","8,914.4","10,022.7","10,457.3","11,601.0","10,621.7","10,991.9","11,784.6","9,170.3","10,489.0","10,320.1","12,019.9","13,582.1","13,359.0","10,610.2","12,799.0","13,086.0","11,613.8","10,978.1","10,439.2","11,420.6","11,810.9","11,532.3","12,079.4","11,852.0","12,785.0","10,362.8","11,393.8","11,413.7","10,505.5","11,602.6","11,881.6","10,789.3","12,220.3","12,486.5","14,461.4","12,901.3","12,132.1","10,537.7","11,016.0","11,591.6","11,110.3","10,780.1","11,965.2","11,118.3","11,858.0","11,838.8","11,931.9","12,444.5","12,077.9","10,860.1","11,504.0","11,404.1","11,287.9","11,253.9","11,231.9","12,333.3","11,453.9","11,187.0","11,449.1","10,935.4","11,217.6","10,679.7","11,305.4"
    Cargo (Oil-In-Bulk) (Thousand Tonnes),"13,166.7","17,738.3","16,409.5","15,619.4","15,965.4","16,091.3","15,284.9","15,937.2","16,361.1","17,101.7","14,980.8","16,391.8","14,684.2","16,039.4","15,303.8","15,845.5","16,410.3","16,994.1","17,321.5","15,504.2","15,589.3","17,107.0","16,285.8","17,243.6","18,106.0","17,012.3","18,094.8","16,538.5","16,506.7","16,825.1","20,480.0","21,614.2","20,831.1","16,108.4","18,280.1","19,047.5","19,508.1","18,719.8","19,777.4","17,270.5","20,093.7","16,746.5","17,565.5","17,643.3","18,366.1","18,204.1","17,962.3","19,668.2","20,208.2","19,673.5","21,178.8","20,589.8","18,932.9","16,874.0","17,891.9","18,882.1","18,617.6","19,702.9","19,853.8","20,633.2","20,081.1","19,452.9","19,625.9","17,017.9","17,030.6","18,009.3","17,876.5","20,736.6","20,542.7","18,002.4","17,662.4","15,375.2","15,046.6","15,722.3","16,104.4","16,532.7","17,203.7","18,531.7","16,331.5","15,776.7","16,505.4","15,963.7","15,592.6","16,525.5","15,738.1","12,259.6","14,674.0","15,389.5","16,061.1","12,766.2","14,890.9","16,295.6","15,920.6","16,884.5","14,879.2","15,920.1","14,865.1","16,480.4","17,296.0","14,490.0","15,937.6","15,128.9","14,801.6","17,035.3","14,797.9","11,787.9","12,528.1","15,300.8","13,351.3","14,772.7","14,108.2","14,054.5","14,250.0","12,449.9","14,496.4","14,856.5","13,380.2","15,362.3","13,246.8","15,342.7","12,693.1","14,832.2","13,921.9","14,644.0","16,475.9","15,011.5","16,319.7","15,231.8","20,703.3","15,057.2","14,230.5","14,722.1","16,326.9","14,836.7","14,359.9","14,112.5","14,834.1","14,213.1","14,640.7","13,084.1","15,869.9","15,463.4","13,420.7","15,908.4","15,069.8","14,144.9","14,893.8","13,205.0","14,495.4","13,688.5","14,287.4","15,027.7","15,470.2","14,369.9","15,097.6","17,573.5","11,929.5","14,749.4","12,447.5","12,849.7","11,837.1","14,604.1","13,733.9","14,260.0","16,256.7","16,171.0","13,149.4","15,330.5","13,574.2","12,357.3","13,967.1","13,435.5","11,906.6","12,826.4","13,607.9","12,269.6","13,751.4","15,215.0","11,017.4","13,454.0","12,879.2","12,421.9","12,405.9","13,445.3","13,623.0","14,019.3","13,559.8","13,974.7","12,082.0","12,772.7","10,976.3","10,869.5","11,702.3","11,007.5","11,507.4","9,621.1","11,368.1","11,719.5","11,615.3","12,637.3","10,999.8","12,364.2","9,680.7","13,603.3","12,116.1","11,279.8","10,683.5","11,097.9","10,569.1","11,047.7","10,770.6","10,316.6","10,850.3","11,156.1","8,585.8","10,854.8","10,133.8","10,327.6","10,989.2","9,972.3","9,339.7","9,882.2","10,074.6","11,242.3","10,125.6","9,353.1","9,897.5","12,036.6","11,455.4","8,919.6","10,144.3","8,902.9","9,970.8","10,748.2","10,380.6","8,830.0","10,840.8","10,187.4","8,847.5","11,439.9","9,944.2","9,772.1","8,567.1","9,933.9","11,660.6","10,345.6","9,480.7","8,620.3","9,141.9","8,880.9","8,391.4","9,020.3","10,736.0","9,869.7","9,934.0","9,348.2","8,137.7","9,112.0","9,650.7","10,137.2","9,993.6","7,702.8","9,288.1","9,419.3","10,552.6","9,511.2","9,776.0","10,631.5","8,084.3","9,325.6","9,388.5","11,046.9","12,467.0","12,230.6","9,718.8","11,652.6","12,017.5","10,716.2","9,952.1","9,465.9","10,420.6","10,654.8","10,565.4","11,125.4","10,966.6","11,548.7","9,400.5","10,334.4","10,478.9","9,467.0","10,365.1","10,830.5","9,770.5","11,143.5","11,414.6","13,520.9","11,826.8","11,127.7","9,830.1","10,010.9","10,837.3","10,417.3","10,072.2","11,146.3","10,338.8","11,023.5","11,005.8","11,254.4","11,663.3","11,270.0","10,166.6","10,682.4","10,564.6","10,587.9","10,436.7","10,388.4","11,342.4","10,685.4","10,369.0","10,652.9","10,233.8","10,517.3","10,065.8","10,530.7"
  Cargo (General & Non-Oil In Bulk) (Thousand Tonnes),"34,961.0","34,349.2","32,354.9","32,644.1","33,807.9","34,355.6","33,483.9","35,447.9","33,900.2","35,581.6","32,464.4","34,650.1","35,292.3","33,720.7","34,754.8","33,351.8","34,037.8","31,758.1","30,842.2","29,116.3","32,021.8","36,237.5","31,475.2","33,801.2","35,071.9","35,366.5","34,462.9","33,246.7","34,559.8","35,299.5","32,861.1","34,234.3","33,498.0","35,911.3","29,682.0","32,882.5","34,770.8","33,065.5","33,769.7","33,079.3","34,744.5","35,522.2","34,202.6","35,728.8","33,603.9","35,572.5","31,021.8","33,518.4","34,250.7","33,446.7","32,698.3","32,243.3","34,030.6","33,241.5","33,087.5","35,038.0","34,319.3","33,365.3","28,516.3","30,411.6","32,554.5","30,648.5","30,143.3","30,857.9","32,594.5","30,101.0","31,142.8","31,990.9","30,758.3","31,492.3","29,056.4","30,542.9","31,229.9","29,449.0","31,128.2","29,941.6","31,839.2","31,440.7","31,916.8","32,757.2","32,612.5","33,909.6","30,428.8","33,355.5","34,739.5","33,414.3","34,218.8","33,891.6","33,655.1","34,562.8","33,258.4","34,238.7","33,512.1","34,565.9","28,039.9","31,491.3","33,200.2","31,435.9","32,972.6","31,808.3","32,827.7","34,571.7","32,144.6","33,964.6","31,629.1","31,992.0","25,783.9","28,107.8","30,157.8","30,191.3","30,885.2","30,738.2","30,041.8","31,371.1","31,747.3","31,878.0","30,839.0","33,261.4","27,716.7","29,513.0","29,832.9","28,206.3","30,233.3","27,664.5","29,804.1","30,327.0","29,345.4","29,743.3","28,881.7","29,891.7","24,883.4","28,518.6","27,428.9","27,282.4","27,383.6","24,935.5","27,823.7","28,822.2","27,923.8","28,104.3","27,175.3","28,362.1","24,542.7","26,487.3","26,060.1","26,035.1","26,484.6","24,629.4","25,966.0","26,122.1","23,739.9","24,947.2","24,737.3","24,909.2","20,152.0","21,193.7","23,584.1","25,393.2","28,438.8","29,082.9","30,551.6","31,813.3","30,398.6","31,633.8","30,348.1","30,629.2","27,239.3","28,983.7","29,495.6","27,514.0","27,949.3","26,755.8","28,325.1","28,600.5","27,064.6","27,483.7","26,643.3","27,190.2","24,271.0","24,940.8","25,786.5","24,689.5","24,805.8","24,797.5","26,135.3","25,023.8","24,265.1","24,882.3","24,224.6","25,164.5","21,507.4","24,192.3","24,966.9","22,922.4","24,415.2","23,415.5","24,588.7","24,898.4","24,998.4","24,117.8","23,203.0","24,728.0","20,233.5","22,953.6","24,220.4","21,431.2","22,551.1","22,302.0","23,319.5","23,415.8","22,769.9","21,996.8","21,913.6","22,183.2","18,455.0","19,530.8","20,403.1","19,356.6","19,838.5","18,716.0","19,403.5","19,533.7","18,966.8","18,529.6","17,678.1","18,830.5","16,101.9","16,961.2","17,505.1","17,368.9","18,209.6","17,762.8","18,523.7","18,968.2","18,248.0","18,496.2","18,380.5","18,289.0","15,808.5","16,928.2","16,904.1","16,943.6","17,462.1","16,439.9","17,014.5","17,471.3","17,251.7","16,488.4","16,561.7","17,403.0","14,825.5","14,962.2","16,310.1","17,100.1","18,320.6","17,414.6","18,496.6","18,371.0","17,770.6","18,307.8","18,000.8","19,000.4","16,752.6","16,416.6","18,348.7","17,417.6","17,741.4","17,155.1","17,797.8","17,383.4","16,449.7","16,941.8","16,070.5","16,576.5","14,239.1","15,395.0","16,266.5","15,910.9","15,858.1","15,840.3","16,031.6","15,726.2","15,702.7","15,521.5","14,607.4","16,136.8","12,957.7","14,594.3","16,406.2","16,360.5","17,547.6","16,866.6","16,986.2","17,256.7","16,805.6","16,861.9","16,564.3","16,851.4","13,473.5","15,739.7","15,909.7","15,409.8","15,976.0","15,504.4","15,696.5","16,233.7","15,350.8","15,047.9","15,282.4","15,176.2","13,573.0","15,126.0","15,769.2","14,655.9","15,674.3","14,765.5","15,883.8","15,290.5","14,949.3","15,171.4","14,842.9","14,876.8","12,889.1","14,340.4"
Total Container Throughput (Thousand Twenty-Foot Equivalent Units),"3,188.6","3,150.0","2,974.9","3,117.4","3,182.3","3,123.6","3,114.5","3,216.9","3,091.3","3,270.6","2,881.6","3,156.0","3,261.8","3,134.6","3,238.7","3,207.7","3,174.7","3,016.3","2,907.7","2,806.7","2,843.5","3,197.9","2,898.7","3,182.6","3,200.2","3,267.7","3,234.4","3,093.9","3,133.7","3,235.4","2,997.0","3,137.8","2,992.1","3,163.9","2,740.5","2,999.1","3,131.3","3,014.7","3,153.1","2,988.9","3,156.3","3,133.5","3,058.7","3,182.8","2,915.3","3,048.8","2,822.9","2,992.9","2,958.1","2,977.1","2,957.1","2,800.0","2,947.4","2,877.0","2,822.4","2,990.9","2,724.4","2,691.6","2,297.2","2,623.3","2,765.5","2,573.1","2,533.1","2,597.0","2,682.3","2,571.3","2,597.7","2,665.4","2,528.1","2,518.0","2,383.8","2,488.4","2,515.2","2,404.4","2,497.0","2,427.7","2,525.9","2,554.5","2,616.8","2,622.9","2,633.1","2,735.9","2,607.5","2,781.5","2,909.1","2,858.4","2,971.4","2,809.9","2,869.3","2,945.2","2,837.5","2,942.7","2,791.4","2,835.3","2,413.2","2,685.9","2,759.3","2,694.3","2,823.9","2,716.0","2,818.2","2,952.6","2,725.2","2,826.6","2,627.8","2,643.7","2,361.6","2,629.7","2,621.1","2,589.1","2,675.4","2,609.1","2,744.7","2,769.6","2,710.4","2,793.0","2,600.0","2,648.7","2,345.4","2,542.8","2,639.0","2,472.1","2,568.7","2,410.2","2,625.7","2,639.5","2,482.3","2,571.8","2,461.1","2,504.2","2,146.9","2,416.1","2,379.0","2,415.5","2,392.1","2,233.8","2,426.4","2,520.8","2,395.0","2,422.5","2,320.8","2,409.6","2,183.2","2,332.3","2,283.8","2,326.9","2,314.3","2,145.4","2,276.5","2,220.6","2,097.0","2,098.8","2,085.1","2,193.3","1,850.5","1,974.4","2,156.3","2,288.5","2,522.0","2,555.7","2,641.5","2,729.1","2,527.0","2,633.0","2,534.1","2,567.1","2,308.4","2,455.6","2,482.2","2,323.3","2,402.8","2,356.1","2,456.7","2,444.1","2,320.6","2,349.1","2,221.4","2,290.9","2,117.7","2,170.5","2,188.4","2,097.2","2,175.4","2,130.3","2,270.0","2,127.9","2,016.9","2,066.8","1,958.2","2,053.0","1,759.9","1,948.3","1,980.3","1,876.1","1,990.6","1,942.7","2,039.8","1,985.4","1,992.4","1,971.3","1,890.3","1,984.8","1,690.2","1,848.2","1,907.1","1,759.7","1,858.9","1,858.6","1,878.0","1,871.1","1,857.9","1,792.4","1,707.7","1,742.6","1,482.2","1,612.9","1,649.7","1,563.9","1,628.9","1,550.7","1,622.6","1,630.0","1,546.0","1,516.4","1,452.4","1,527.2","1,319.8","1,402.8","1,414.6","1,406.8","1,437.6","1,430.1","1,473.6","1,497.5","1,421.5","1,452.7","1,392.6","1,435.0","1,256.3","1,322.5","1,326.4","1,302.7","1,359.9","1,332.5","1,349.6","1,353.5","1,294.5","1,307.8","1,265.0","1,341.8","1,156.0","1,181.3","1,272.0","1,325.5","1,431.0","1,393.9","1,507.1","1,492.5","1,486.3","1,494.1","1,455.2","1,512.4","1,383.0","1,333.9","1,387.6","1,338.4","1,381.8","1,345.8","1,426.0","1,381.6","1,357.8","1,369.4","1,292.7","1,321.7","1,143.9","1,198.2","1,294.4","1,268.2","1,289.8","1,275.3","1,286.2","1,327.4","1,355.1","1,278.5","1,256.4","1,312.2","1,048.0","1,144.1","1,212.4","1,198.9","1,272.0","1,207.1","1,235.6","1,250.6","1,183.7","1,180.4","1,139.7","1,187.1",963.3,"1,105.2","1,114.1","1,098.7","1,137.7","1,085.7","1,128.5","1,143.9","1,073.7","1,093.6","1,041.0","1,021.5",958.4,"1,047.7","1,045.1",986.9,"1,047.9",977.5,"1,046.5","1,037.4",973.0,988.3,960.1,969.5,867.4,946.4
Bunker Sales (Thousand Tonnes),"4,177.8","4,221.6","4,254.7","3,935.3","4,071.9","4,063.8","4,113.0","4,071.8","4,256.5","4,199.3","4,120.1","4,503.0","4,289.6","4,262.5","4,152.4","4,217.6","4,168.9","4,157.7","3,829.0","3,925.0","4,113.7","4,322.3","3,879.7","4,514.7","4,465.7","4,075.6","3,767.7","3,898.4","3,668.9","3,878.2","3,919.9","4,006.5","3,712.1","4,090.8","3,780.4","4,199.4","4,307.8","3,906.1","4,125.2","4,112.1","3,962.9","4,035.8","3,922.3","4,283.5","4,233.3","4,168.3","4,135.9","4,605.6","4,296.6","4,315.6","4,005.3","4,341.0","4,363.6","4,393.7","3,836.3","4,180.6","4,253.3","4,341.9","3,846.4","4,462.2","3,904.9","4,142.2","4,008.8","3,831.0","4,228.0","4,115.0","4,086.9","4,363.7","4,109.7","4,149.8","3,510.0","4,164.5","4,051.2","3,984.0","3,637.0","3,847.6","4,287.8","3,785.3","3,536.0","3,707.2","3,665.9","3,577.5","3,396.0","3,680.1","3,577.5","3,548.4","3,593.6","3,521.5","3,668.8","3,662.6","3,373.8","3,637.6","3,812.9","3,184.9","3,277.4","3,557.8","3,802.4","3,373.1","3,780.6","3,610.5","3,488.1","3,740.8","3,478.2","3,533.9","3,647.9","3,362.7","3,076.4","3,787.6","3,625.7","3,275.6","3,508.4","3,326.4","3,556.0","3,655.2","3,646.9","3,985.7","3,735.4","3,608.8","3,092.7","3,668.5","3,804.1","3,615.4","3,546.2","3,568.4","3,815.3","3,642.9","3,859.2","3,621.9","3,248.5","3,520.7","3,268.8","3,642.4","3,493.0","3,311.0","3,556.1","3,553.7","3,375.0","3,563.8","3,543.8","3,470.4","3,422.6","3,328.5","3,022.4","3,212.5","3,181.3","2,882.8","3,122.3","3,172.4","3,063.1","3,072.6","2,960.7","3,227.2","2,884.8","3,129.7","2,670.0","3,019.7","2,734.3","2,879.9","2,925.5","2,856.2","3,151.7","3,030.9","2,810.4","2,919.0","3,047.0","3,045.3","2,734.0","2,802.2","2,732.7","2,523.4","2,721.8","2,811.5","2,925.8","2,493.5","2,716.0","2,504.7","2,624.9","2,567.0","2,668.9","2,255.8","2,662.3","2,390.9","2,556.0","2,410.7","2,518.7","2,347.7","2,192.9","2,491.6","2,217.7","2,302.6","2,057.9","2,230.0","2,144.5","2,084.7","2,252.1","2,137.0","2,268.4","2,240.4","2,138.0","2,081.3","2,153.4","2,069.8","1,807.2","2,102.3","2,156.8","2,008.7","2,004.9","2,019.5","1,979.1","1,977.5","1,963.0","1,977.6","1,985.0","1,869.2","1,766.8","1,858.6","1,917.3","1,853.6","1,736.0","1,730.1","1,710.3","1,604.9","1,681.0","1,747.6","1,659.7","1,761.2","1,607.1","1,800.1","1,748.2","1,817.6","1,701.9","1,609.5","1,664.2","1,641.6","1,654.2","1,690.2","1,681.7","1,681.4","1,594.3","1,611.6","1,721.9","1,706.9","1,877.7","1,728.1","1,737.4","1,783.7","1,631.5","1,569.9","1,714.5","1,628.8","1,533.5","1,717.9","1,747.2","1,457.3","1,572.5","1,536.0","1,732.3","1,621.4","1,555.8","1,565.9","1,476.5","1,356.6","1,425.6","1,603.7","1,562.2","1,334.1","1,574.9","1,484.9","1,656.7","1,629.5","1,520.0","1,564.3","1,647.0","1,735.6","1,584.8","1,597.3","1,662.0","1,425.6","1,365.4","1,433.0","1,592.8","1,650.9","1,423.4","1,593.5","1,351.1","1,512.1","1,418.6","1,635.3","1,475.9","1,306.0","1,321.7","1,295.0","1,371.8","1,519.1","1,452.6","1,432.7","1,490.5","1,391.4","1,377.2","1,506.8","1,422.8","1,330.1","1,353.7","1,190.7","1,355.9","1,392.9","1,488.4","1,603.1","1,434.0","1,506.5","1,425.8","1,434.5","1,400.0","1,324.5","1,472.3","1,451.3","1,418.3","1,530.9","1,454.8","1,470.1","1,556.9","1,511.1","1,333.7","1,565.3"
Singapore Registry Of Ships (End Of Period) - Number (Number),"4,090.0","4,120.0","4,125.0","4,123.0","4,132.0","4,137.0","4,148.0","4,157.0","4,184.0","4,207.0","4,229.0","4,247.0","4,275.0","4,315.0","4,325.0","4,332.0","4,352.0","4,354.0","4,371.0","4,377.0","4,388.0","4,409.0","4,414.0","4,418.0","4,437.0","4,457.0","4,463.0","4,446.0","4,447.0","4,461.0","4,460.0","4,465.0","4,471.0","4,472.0","4,469.0","4,468.0","4,456.0","4,472.0","4,482.0","4,501.0","4,517.0","4,525.0","4,533.0","4,558.0","4,572.0","4,581.0","4,578.0","4,583.0","4,578.0","4,590.0","4,600.0","4,618.0","4,621.0","4,624.0","4,640.0","4,662.0","4,683.0","4,686.0","4,713.0","4,721.0","4,717.0","4,730.0","4,728.0","4,728.0","4,737.0","4,760.0","4,759.0","4,770.0","4,775.0","4,781.0","4,790.0","4,767.0","4,739.0","4,743.0","4,746.0","4,730.0","4,722.0","4,702.0","4,691.0","4,682.0","4,669.0","4,647.0","4,633.0","4,617.0","4,595.0","4,561.0","4,554.0","4,527.0","4,527.0","4,503.0","4,474.0","4,454.0","4,430.0","4,412.0","4,402.0","4,400.0","4,380.0","4,362.0","4,342.0","4,338.0","4,326.0","4,317.0","4,309.0","4,288.0","4,285.0","4,273.0","4,247.0","4,257.0","4,232.0","4,230.0","4,220.0","4,186.0","4,163.0","4,182.0","4,177.0","4,146.0","4,141.0","4,148.0","4,139.0","4,136.0","4,111.0","4,098.0","4,068.0","4,093.0","4,076.0","4,071.0","4,062.0","4,045.0","4,037.0","4,047.0","4,021.0","3,997.0","3,978.0","3,949.0","3,947.0","3,931.0","3,920.0","3,936.0","3,921.0","3,912.0","3,913.0","3,907.0","3,919.0","3,938.0","3,950.0","4,005.0","3,999.0","4,020.0","4,012.0","3,998.0","3,971.0","3,953.0","3,938.0","3,935.0","3,890.0","3,867.0","3,843.0","3,774.0","3,765.0","3,759.0","3,737.0","3,701.0","3,682.0","3,660.0","3,632.0","3,615.0","3,618.0","3,592.0","3,553.0","3,515.0","3,488.0","3,448.0","3,427.0","3,417.0","3,399.0","3,362.0","3,339.0","3,319.0","3,294.0","3,285.0","3,249.0","3,235.0","3,223.0","3,219.0","3,259.0","3,255.0","3,241.0","3,214.0","3,227.0","3,211.0","3,214.0","3,212.0","3,219.0","3,217.0","3,193.0","3,171.0","3,165.0","3,165.0","3,181.0","3,161.0","3,149.0","3,153.0","3,149.0","3,137.0","3,109.0","3,095.0","3,086.0","3,088.0","3,085.0","3,081.0","3,084.0","3,096.0","3,088.0","3,075.0","3,071.0","3,065.0","3,063.0","3,088.0","3,082.0","3,143.0","3,155.0","3,187.0","3,194.0","3,209.0","3,210.0","3,219.0","3,275.0","3,325.0","3,355.0","3,359.0","3,348.0","3,345.0","3,372.0","3,376.0","3,373.0","3,380.0","3,363.0","3,367.0","3,366.0","3,360.0","3,353.0","3,339.0","3,332.0","3,341.0","3,342.0","3,346.0","3,343.0","3,338.0","3,343.0","3,334.0","3,348.0","3,350.0","3,335.0","3,339.0","3,364.0","3,355.0","3,374.0","3,371.0","3,373.0","3,370.0","3,369.0","3,360.0","3,363.0","3,365.0","3,360.0","3,361.0","3,369.0","3,377.0","3,384.0","3,389.0","3,393.0","3,405.0","3,401.0","3,401.0","3,406.0","3,419.0","3,412.0","3,422.0","3,432.0","3,436.0","3,433.0","3,447.0","3,441.0","3,433.0","3,439.0","3,429.0","3,440.0","3,414.0","3,380.0","3,365.0","3,358.0","3,339.0","3,309.0","3,286.0","3,262.0","3,251.0","3,222.0","3,204.0","3,186.0","3,173.0","3,157.0","3,141.0","3,121.0","3,109.0","3,078.0","3,065.0","3,048.0","3,050.0","3,030.0","3,005.0","2,985.0","2,955.0","2,910.0","2,877.0","2,867.0","2,834.0","2,814.0","2,789.0","2,758.0","2,743.0","2,717.0","2,699.0","2,687.0","2,672.0"
"Singapore Registry Of Ships (End Of Period) - '000 GT (Thousand Gross Tonnes)","92,336.0","93,298.0","93,754.0","93,493.0","93,870.0","93,593.0","93,701.0","93,693.0","93,592.0","94,171.0","93,806.0","94,287.0","94,998.0","96,165.0","96,394.0","96,164.0","96,196.0","96,395.0","96,444.0","96,747.0","96,838.0","97,333.0","97,442.0","97,375.0","97,320.0","97,780.0","97,736.0","96,885.0","96,116.0","96,234.0","95,808.0","95,411.0","93,926.0","93,075.0","92,486.0","92,133.0","90,944.0","91,387.0","91,435.0","91,380.0","90,993.0","90,793.0","90,707.0","91,600.0","91,628.0","91,153.0","90,585.0","89,993.0","88,808.0","89,609.0","89,873.0","89,988.0","89,636.0","89,660.0","89,248.0","88,908.0","88,828.0","88,475.0","88,749.0","88,448.0","88,023.0","87,771.0","87,656.0","87,251.0","86,490.0","87,379.0","87,225.0","87,228.0","87,145.0","87,099.0","87,058.0","86,851.0","86,300.0","86,631.0","86,571.0","86,341.0","86,151.0","85,496.0","84,586.0","84,105.0","83,789.0","83,473.0","83,111.0","83,089.0","82,249.0","81,521.0","80,965.0","80,497.0","80,065.0","79,535.0","79,144.0","79,030.0","77,503.0","76,350.0","75,377.0","74,875.0","73,615.0","73,055.0","71,911.0","71,685.0","70,921.0","70,615.0","69,817.0","68,873.0","68,425.0","67,412.0","65,707.0","65,602.0","65,018.0","64,665.0","64,167.0","62,582.0","61,935.0","61,628.0","60,934.0","60,294.0","59,779.0","59,086.0","58,579.0","57,811.0","57,360.0","56,060.0","55,105.0","54,686.0","53,880.0","53,683.0","52,981.0","52,470.0","52,168.0","51,481.0","50,399.0","49,584.0","48,783.0","48,177.0","47,768.0","47,618.0","47,124.0","46,620.0","46,541.0","46,403.0","46,357.0","46,067.0","45,962.0","45,730.0","45,632.0","46,185.0","46,132.0","46,364.0","46,311.0","45,571.0","45,352.0","45,099.0","45,383.0","44,934.0","44,569.0","44,000.0","43,702.0","43,190.0","43,125.0","42,581.0","42,482.0","42,084.0","41,798.0","41,475.0","41,020.0","40,998.0","40,385.0","39,930.0","39,603.0","39,209.0","38,870.0","38,326.0","37,711.0","37,440.0","36,769.0","36,210.0","35,950.0","35,472.0","35,027.0","35,061.0","34,793.0","34,624.0","34,580.0","34,439.0","34,512.0","34,631.0","34,444.0","34,050.0","34,003.0","33,975.0","33,873.0","33,450.0","32,963.0","32,445.0","31,989.0","31,656.0","31,523.0","31,353.0","31,186.0","30,399.0","30,297.0","29,732.0","29,267.0","28,416.0","27,711.0","27,488.0","27,099.0","26,970.0","26,935.0","26,584.0","26,504.0","26,056.0","26,058.0","25,853.0","25,504.0","25,361.0","25,572.0","24,956.0","24,865.0","24,490.0","24,636.0","24,616.0","24,212.0","23,995.0","23,886.0","23,639.0","23,586.0","23,551.0","23,551.0","23,522.0","23,320.0","23,424.0","23,197.0","23,415.0","23,174.0","23,059.0","23,281.0","23,431.0","23,387.0","23,134.0","23,160.0","23,040.0","22,950.0","22,960.0","22,960.0","22,870.0","22,800.0","22,940.0","23,020.0","23,160.0","23,310.0","23,410.0","23,040.0","23,070.0","23,580.0","23,940.0","24,160.0","23,890.0","22,970.0","24,000.0","24,470.0","24,310.0","24,270.0","24,240.0","23,750.0","23,620.0","23,610.0","23,420.0","23,230.0","23,110.0","22,970.0","22,870.0","22,630.0","22,380.0","22,150.0","21,980.0","22,030.0","22,160.0","22,130.0","22,000.0","21,700.0","21,680.0","21,470.0","21,330.0","21,080.0","21,120.0","20,940.0","20,770.0","20,770.0","20,680.0","20,450.0","19,780.0","19,070.0","18,890.0","18,680.0","18,640.0","18,420.0","18,350.0","18,290.0","18,270.0","18,239.0","17,365.0","16,999.0","16,842.0","16,776.0","16,593.0","16,467.0","16,184.0","15,978.0","15,820.0","15,598.0","15,346.0","14,964.0","14,959.0","14,670.0","14,694.0","14,572.0","14,498.0","14,268.0","14,140.0","13,651.0","13,411.0","13,270.0","13,260.0"
,,,,,,,,,,,,,,,,,,,,,,,,,,,,,,,,,,,,,,,,,,,,,,,,,,,,,,,,,,,,,,,,,,,,,,,,,,,,,,,,,,,,,,,,,,,,,,,,,,,,,,,,,,,,,,,,,,,,,,,,,,,,,,,,,,,,,,,,,,,,,,,,,,,,,,,,,,,,,,,,,,,,,,,,,,,,,,,,,,,,,,,,,,,,,,,,,,,,,,,,,,,,,,,,,,,,,,,,,,,,,,,,,,,,,,,,,,,,,,,,,,,,,,,,,,,,,,,,,,,,,,,,,,,,,,,,,,,,,,,,,,,,,,,,,,,,,,,,,,,,,,,,,,,,,,,,,,,,,,,,,,,,
Footnotes:,,,,,,,,,,,,,,,,,,,,,,,,,,,,,,,,,,,,,,,,,,,,,,,,,,,,,,,,,,,,,,,,,,,,,,,,,,,,,,,,,,,,,,,,,,,,,,,,,,,,,,,,,,,,,,,,,,,,,,,,,,,,,,,,,,,,,,,,,,,,,,,,,,,,,,,,,,,,,,,,,,,,,,,,,,,,,,,,,,,,,,,,,,,,,,,,,,,,,,,,,,,,,,,,,,,,,,,,,,,,,,,,,,,,,,,,,,,,,,,,,,,,,,,,,,,,,,,,,,,,,,,,,,,,,,,,,,,,,,,,,,,,,,,,,,,,,,,,,,,,,,,,,,,,,,,,,,,,,,,,,,,,
Vessel Arrivals - Shipping Tonnage (Thousand Gross Tonnes):,,,,,,,,,,,,,,,,,,,,,,,,,,,,,,,,,,,,,,,,,,,,,,,,,,,,,,,,,,,,,,,,,,,,,,,,,,,,,,,,,,,,,,,,,,,,,,,,,,,,,,,,,,,,,,,,,,,,,,,,,,,,,,,,,,,,,,,,,,,,,,,,,,,,,,,,,,,,,,,,,,,,,,,,,,,,,,,,,,,,,,,,,,,,,,,,,,,,,,,,,,,,,,,,,,,,,,,,,,,,,,,,,,,,,,,,,,,,,,,,,,,,,,,,,,,,,,,,,,,,,,,,,,,,,,,,,,,,,,,,,,,,,,,,,,,,,,,,,,,,,,,,,,,,,,,,,,,,,,,,,,,,
GT refers to Gross Tonnage,,,,,,,,,,,,,,,,,,,,,,,,,,,,,,,,,,,,,,,,,,,,,,,,,,,,,,,,,,,,,,,,,,,,,,,,,,,,,,,,,,,,,,,,,,,,,,,,,,,,,,,,,,,,,,,,,,,,,,,,,,,,,,,,,,,,,,,,,,,,,,,,,,,,,,,,,,,,,,,,,,,,,,,,,,,,,,,,,,,,,,,,,,,,,,,,,,,,,,,,,,,,,,,,,,,,,,,,,,,,,,,,,,,,,,,,,,,,,,,,,,,,,,,,,,,,,,,,,,,,,,,,,,,,,,,,,,,,,,,,,,,,,,,,,,,,,,,,,,,,,,,,,,,,,,,,,,,,,,,,,,,,
Total Container Throughput (Thousand Twenty-Foot Equivalent Units):,,,,,,,,,,,,,,,,,,,,,,,,,,,,,,,,,,,,,,,,,,,,,,,,,,,,,,,,,,,,,,,,,,,,,,,,,,,,,,,,,,,,,,,,,,,,,,,,,,,,,,,,,,,,,,,,,,,,,,,,,,,,,,,,,,,,,,,,,,,,,,,,,,,,,,,,,,,,,,,,,,,,,,,,,,,,,,,,,,,,,,,,,,,,,,,,,,,,,,,,,,,,,,,,,,,,,,,,,,,,,,,,,,,,,,,,,,,,,,,,,,,,,,,,,,,,,,,,,,,,,,,,,,,,,,,,,,,,,,,,,,,,,,,,,,,,,,,,,,,,,,,,,,,,,,,,,,,,,,,,,,,,
TEU refers to Twenty-Foot Equivalent Unit.,,,,,,,,,,,,,,,,,,,,,,,,,,,,,,,,,,,,,,,,,,,,,,,,,,,,,,,,,,,,,,,,,,,,,,,,,,,,,,,,,,,,,,,,,,,,,,,,,,,,,,,,,,,,,,,,,,,,,,,,,,,,,,,,,,,,,,,,,,,,,,,,,,,,,,,,,,,,,,,,,,,,,,,,,,,,,,,,,,,,,,,,,,,,,,,,,,,,,,,,,,,,,,,,,,,,,,,,,,,,,,,,,,,,,,,,,,,,,,,,,,,,,,,,,,,,,,,,,,,,,,,,,,,,,,,,,,,,,,,,,,,,,,,,,,,,,,,,,,,,,,,,,,,,,,,,,,,,,,,,,,,,
"Singapore Registry Of Ships (End Of Period) - '000 GT (Thousand Gross Tonnes):",,,,,,,,,,,,,,,,,,,,,,,,,,,,,,,,,,,,,,,,,,,,,,,,,,,,,,,,,,,,,,,,,,,,,,,,,,,,,,,,,,,,,,,,,,,,,,,,,,,,,,,,,,,,,,,,,,,,,,,,,,,,,,,,,,,,,,,,,,,,,,,,,,,,,,,,,,,,,,,,,,,,,,,,,,,,,,,,,,,,,,,,,,,,,,,,,,,,,,,,,,,,,,,,,,,,,,,,,,,,,,,,,,,,,,,,,,,,,,,,,,,,,,,,,,,,,,,,,,,,,,,,,,,,,,,,,,,,,,,,,,,,,,,,,,,,,,,,,,,,,,,,,,,,,,,,,,,,,,,,,,,,
GT refers to Gross Tonnage,,,,,,,,,,,,,,,,,,,,,,,,,,,,,,,,,,,,,,,,,,,,,,,,,,,,,,,,,,,,,,,,,,,,,,,,,,,,,,,,,,,,,,,,,,,,,,,,,,,,,,,,,,,,,,,,,,,,,,,,,,,,,,,,,,,,,,,,,,,,,,,,,,,,,,,,,,,,,,,,,,,,,,,,,,,,,,,,,,,,,,,,,,,,,,,,,,,,,,,,,,,,,,,,,,,,,,,,,,,,,,,,,,,,,,,,,,,,,,,,,,,,,,,,,,,,,,,,,,,,,,,,,,,,,,,,,,,,,,,,,,,,,,,,,,,,,,,,,,,,,,,,,,,,,,,,,,,,,,,,,,,,
,,,,,,,,,,,,,,,,,,,,,,,,,,,,,,,,,,,,,,,,,,,,,,,,,,,,,,,,,,,,,,,,,,,,,,,,,,,,,,,,,,,,,,,,,,,,,,,,,,,,,,,,,,,,,,,,,,,,,,,,,,,,,,,,,,,,,,,,,,,,,,,,,,,,,,,,,,,,,,,,,,,,,,,,,,,,,,,,,,,,,,,,,,,,,,,,,,,,,,,,,,,,,,,,,,,,,,,,,,,,,,,,,,,,,,,,,,,,,,,,,,,,,,,,,,,,,,,,,,,,,,,,,,,,,,,,,,,,,,,,,,,,,,,,,,,,,,,,,,,,,,,,,,,,,,,,,,,,,,,,,,,,
Notation:,,,,,,,,,,,,,,,,,,,,,,,,,,,,,,,,,,,,,,,,,,,,,,,,,,,,,,,,,,,,,,,,,,,,,,,,,,,,,,,,,,,,,,,,,,,,,,,,,,,,,,,,,,,,,,,,,,,,,,,,,,,,,,,,,,,,,,,,,,,,,,,,,,,,,,,,,,,,,,,,,,,,,,,,,,,,,,,,,,,,,,,,,,,,,,,,,,,,,,,,,,,,,,,,,,,,,,,,,,,,,,,,,,,,,,,,,,,,,,,,,,,,,,,,,,,,,,,,,,,,,,,,,,,,,,,,,,,,,,,,,,,,,,,,,,,,,,,,,,,,,,,,,,,,,,,,,,,,,,,,,,,,
na  not available or not applicablenec  not elsewhere classifiednes  not elsewhere specified-    nil or negligible or not significant,,,,,,,,,,,,,,,,,,,,,,,,,,,,,,,,,,,,,,,,,,,,,,,,,,,,,,,,,,,,,,,,,,,,,,,,,,,,,,,,,,,,,,,,,,,,,,,,,,,,,,,,,,,,,,,,,,,,,,,,,,,,,,,,,,,,,,,,,,,,,,,,,,,,,,,,,,,,,,,,,,,,,,,,,,,,,,,,,,,,,,,,,,,,,,,,,,,,,,,,,,,,,,,,,,,,,,,,,,,,,,,,,,,,,,,,,,,,,,,,,,,,,,,,,,,,,,,,,,,,,,,,,,,,,,,,,,,,,,,,,,,,,,,,,,,,,,,,,,,,,,,,,,,,,,,,,,,,,,,,,,,,
"NotesNumbers may not add up to the totals due to rounding.Data are the latest available at the time of access or download. Some statistics, particularly those for the most recent time periods, are provisional and may be subject to revision at a later date.",,,,,,,,,,,,,,,,,,,,,,,,,,,,,,,,,,,,,,,,,,,,,,,,,,,,,,,,,,,,,,,,,,,,,,,,,,,,,,,,,,,,,,,,,,,,,,,,,,,,,,,,,,,,,,,,,,,,,,,,,,,,,,,,,,,,,,,,,,,,,,,,,,,,,,,,,,,,,,,,,,,,,,,,,,,,,,,,,,,,,,,,,,,,,,,,,,,,,,,,,,,,,,,,,,,,,,,,,,,,,,,,,,,,,,,,,,,,,,,,,,,,,,,,,,,,,,,,,,,,,,,,,,,,,,,,,,,,,,,,,,,,,,,,,,,,,,,,,,,,,,,,,,,,,,,,,,,,,,,,,,,,
Values are shown in Singapore dollars (unless otherwise specified),,,,,,,,,,,,,,,,,,,,,,,,,,,,,,,,,,,,,,,,,,,,,,,,,,,,,,,,,,,,,,,,,,,,,,,,,,,,,,,,,,,,,,,,,,,,,,,,,,,,,,,,,,,,,,,,,,,,,,,,,,,,,,,,,,,,,,,,,,,,,,,,,,,,,,,,,,,,,,,,,,,,,,,,,,,,,,,,,,,,,,,,,,,,,,,,,,,,,,,,,,,,,,,,,,,,,,,,,,,,,,,,,,,,,,,,,,,,,,,,,,,,,,,,,,,,,,,,,,,,,,,,,,,,,,,,,,,,,,,,,,,,,,,,,,,,,,,,,,,,,,,,,,,,,,,,,,,,,,,,,,,,
,,,,,,,,,,,,,,,,,,,,,,,,,,,,,,,,,,,,,,,,,,,,,,,,,,,,,,,,,,,,,,,,,,,,,,,,,,,,,,,,,,,,,,,,,,,,,,,,,,,,,,,,,,,,,,,,,,,,,,,,,,,,,,,,,,,,,,,,,,,,,,,,,,,,,,,,,,,,,,,,,,,,,,,,,,,,,,,,,,,,,,,,,,,,,,,,,,,,,,,,,,,,,,,,,,,,,,,,,,,,,,,,,,,,,,,,,,,,,,,,,,,,,,,,,,,,,,,,,,,,,,,,,,,,,,,,,,,,,,,,,,,,,,,,,,,,,,,,,,,,,,,,,,,,,,,,,,,,,,,,,,,,
Generated by: SingStat Table Builder,,,,,,,,,,,,,,,,,,,,,,,,,,,,,,,,,,,,,,,,,,,,,,,,,,,,,,,,,,,,,,,,,,,,,,,,,,,,,,,,,,,,,,,,,,,,,,,,,,,,,,,,,,,,,,,,,,,,,,,,,,,,,,,,,,,,,,,,,,,,,,,,,,,,,,,,,,,,,,,,,,,,,,,,,,,,,,,,,,,,,,,,,,,,,,,,,,,,,,,,,,,,,,,,,,,,,,,,,,,,,,,,,,,,,,,,,,,,,,,,,,,,,,,,,,,,,,,,,,,,,,,,,,,,,,,,,,,,,,,,,,,,,,,,,,,,,,,,,,,,,,,,,,,,,,,,,,,,,,,,,,,,
Date generated: 09/02/2022,,,,,,,,,,,,,,,,,,,,,,,,,,,,,,,,,,,,,,,,,,,,,,,,,,,,,,,,,,,,,,,,,,,,,,,,,,,,,,,,,,,,,,,,,,,,,,,,,,,,,,,,,,,,,,,,,,,,,,,,,,,,,,,,,,,,,,,,,,,,,,,,,,,,,,,,,,,,,,,,,,,,,,,,,,,,,,,,,,,,,,,,,,,,,,,,,,,,,,,,,,,,,,,,,,,,,,,,,,,,,,,,,,,,,,,,,,,,,,,,,,,,,,,,,,,,,,,,,,,,,,,,,,,,,,,,,,,,,,,,,,,,,,,,,,,,,,,,,,,,,,,,,,,,,,,,,,,,,,,,,,,,
Contact: info@singstat.gov.sg,,,,,,,,,,,,,,,,,,,,,,,,,,,,,,,,,,,,,,,,,,,,,,,,,,,,,,,,,,,,,,,,,,,,,,,,,,,,,,,,,,,,,,,,,,,,,,,,,,,,,,,,,,,,,,,,,,,,,,,,,,,,,,,,,,,,,,,,,,,,,,,,,,,,,,,,,,,,,,,,,,,,,,,,,,,,,,,,,,,,,,,,,,,,,,,,,,,,,,,,,,,,,,,,,,,,,,,,,,,,,,,,,,,,,,,,,,,,,,,,,,,,,,,,,,,,,,,,,,,,,,,,,,,,,,,,,,,,,,,,,,,,,,,,,,,,,,,,,,,,,,,,,,,,,,,,,,,,,,,,,,,,